time_ms,ref_speed,actual_speed,pwm_value
Boot-up
2,0.00,0.00,0.00
6,0.00,0.00,0.00
9,0.00,0.00,0.00
12,0.00,0.00,0.00
15,0.00,0.00,0.00
17,0.00,0.00,0.00
21,0.00,0.00,0.00
24,0.00,0.00,0.00
27,0.00,0.00,0.00
30,0.00,0.00,0.00
33,0.00,0.00,0.00
36,0.00,0.00,0.00
38,0.00,0.00,0.00
42,0.00,0.00,0.00
45,0.00,0.00,0.00
47,0.00,0.00,0.00
51,0.00,0.00,0.00
54,0.00,0.00,0.00
56,0.00,0.00,0.00
59,0.00,0.00,0.00
63,0.00,0.00,0.00
65,0.00,0.00,0.00
68,0.00,0.00,0.00
72,0.00,0.00,0.00
75,0.00,0.00,0.00
78,0.00,0.00,0.00
81,0.00,0.00,0.00
83,0.00,0.00,0.00
87,0.00,0.00,0.00
89,0.00,0.00,0.00
93,0.00,0.00,0.00
95,0.00,0.00,0.00
99,0.00,0.00,0.00
102,0.00,0.00,0.00
105,0.00,0.00,0.00
108,0.00,0.00,0.00
110,0.00,0.00,0.00
113,0.00,0.00,0.00
116,0.00,0.00,0.00
119,0.00,0.00,0.00
123,0.00,0.00,0.00
126,0.00,0.00,0.00
129,0.00,0.00,0.00
131,0.00,0.00,0.00
134,0.00,0.00,0.00
137,0.00,0.00,0.00
141,0.00,0.00,0.00
144,0.00,0.00,0.00
146,0.00,0.00,0.00
149,0.00,0.00,0.00
152,0.00,0.00,0.00
155,0.00,0.00,0.00
158,0.00,0.00,0.00
161,0.00,0.00,0.00
164,0.00,0.00,0.00
167,0.00,0.00,0.00
170,0.00,0.00,0.00
173,0.00,0.00,0.00
176,0.00,0.00,0.00
179,0.00,0.00,0.00
182,0.00,0.00,0.00
185,0.00,0.00,0.00
188,0.00,0.00,0.00
191,0.00,0.00,0.00
195,0.00,0.00,0.00
198,0.00,0.00,0.00
200,0.00,0.00,0.00
203,0.00,0.00,0.00
206,0.00,0.00,0.00
209,0.00,0.00,0.00
212,0.00,0.00,0.00
215,0.00,0.00,0.00
218,0.00,0.00,0.00
221,0.00,0.00,0.00
224,0.00,0.00,0.00
227,0.00,0.00,0.00
230,0.00,0.00,0.00
233,0.00,0.00,0.00
237,0.00,0.00,0.00
239,0.00,0.00,0.00
242,0.00,0.00,0.00
245,0.00,0.00,0.00
248,0.00,0.00,0.00
251,0.00,0.00,0.00
254,0.00,0.00,0.00
257,0.00,0.00,0.00
260,0.00,0.00,0.00
263,0.00,0.00,0.00
266,0.00,0.00,0.00
269,0.00,0.00,0.00
273,0.00,0.00,0.00
276,0.00,0.00,0.00
278,0.00,0.00,0.00
281,0.00,0.00,0.00
284,0.00,0.00,0.00
287,0.00,0.00,0.00
290,0.00,0.00,0.00
293,0.00,0.00,0.00
296,0.00,0.00,0.00
300,0.00,0.00,0.00
303,0.00,0.00,0.00
305,0.00,0.00,0.00
308,0.00,0.00,0.00
311,0.00,0.00,0.00
315,0.00,0.00,0.00
318,0.00,0.00,0.00
320,0.00,0.00,0.00
323,0.00,0.00,0.00
326,0.00,0.00,0.00
329,0.00,0.00,0.00
332,0.00,0.00,0.00
335,0.00,0.00,0.00
338,0.00,0.00,0.00
341,0.00,0.00,0.00
344,0.00,0.00,0.00
348,0.00,0.00,0.00
351,0.00,0.00,0.00
353,0.00,0.00,0.00
356,0.00,0.00,0.00
359,0.00,0.00,0.00
362,0.00,0.00,0.00
365,0.00,0.00,0.00
368,0.00,0.00,0.00
371,0.00,0.00,0.00
374,0.00,0.00,0.00
378,0.00,0.00,0.00
380,0.00,0.00,0.00
383,0.00,0.00,0.00
386,0.00,0.00,0.00
389,0.00,0.00,0.00
392,0.00,0.00,0.00
395,0.00,0.00,0.00
399,0.00,0.00,0.00
401,0.00,0.00,0.00
404,0.00,0.00,0.00
407,0.00,0.00,0.00
410,0.00,0.00,0.00
413,0.00,0.00,0.00
416,0.00,0.00,0.00
419,0.00,0.00,0.00
422,0.00,0.00,0.00
425,0.00,0.00,0.00
428,0.00,0.00,0.00
431,0.00,0.00,0.00
435,0.00,0.00,0.00
437,0.00,0.00,0.00
440,0.00,0.00,0.00
443,0.00,0.00,0.00
446,0.00,0.00,0.00
449,0.00,0.00,0.00
452,0.00,0.00,0.00
455,0.00,0.00,0.00
458,0.00,0.00,0.00
462,0.00,0.00,0.00
464,0.00,0.00,0.00
467,0.00,0.00,0.00
470,0.00,0.00,0.00
473,0.00,0.00,0.00
476,0.00,0.00,0.00
480,0.00,0.00,0.00
483,0.00,0.00,0.00
486,0.00,0.00,0.00
489,0.00,0.00,0.00
492,0.00,0.00,0.00
494,0.00,0.00,0.00
497,0.00,0.00,0.00
500,0.00,0.00,0.00
504,0.00,0.00,0.00
506,0.00,0.00,0.00
509,0.00,0.00,0.00
512,0.00,0.00,0.00
515,0.00,0.00,0.00
518,0.00,0.00,0.00
522,0.00,0.00,0.00
525,0.00,0.00,0.00
527,0.00,0.00,0.00
530,0.00,0.00,0.00
533,0.00,0.00,0.00
536,0.00,0.00,0.00
539,0.00,0.00,0.00
543,0.00,0.00,0.00
545,0.00,0.00,0.00
548,0.00,0.00,0.00
551,0.00,0.00,0.00
554,0.00,0.00,0.00
558,0.00,0.00,0.00
560,0.00,0.00,0.00
563,0.00,0.00,0.00
566,0.00,0.00,0.00
569,0.00,0.00,0.00
572,0.00,0.00,0.00
576,0.00,0.00,0.00
579,0.00,0.00,0.00
581,0.00,0.00,0.00
584,0.00,0.00,0.00
587,0.00,0.00,0.00
590,0.00,0.00,0.00
594,0.00,0.00,0.00
596,0.00,0.00,0.00
599,0.00,0.00,0.00
602,0.00,0.00,0.00
605,0.00,0.00,0.00
609,0.00,0.00,0.00
611,0.00,0.00,0.00
614,0.00,0.00,0.00
617,0.00,0.00,0.00
621,0.00,0.00,0.00
624,0.00,0.00,0.00
626,0.00,0.00,0.00
629,0.00,0.00,0.00
632,0.00,0.00,0.00
636,0.00,0.00,0.00
638,0.00,0.00,0.00
641,0.00,0.00,0.00
644,0.00,0.00,0.00
647,0.00,0.00,0.00
650,0.00,0.00,0.00
653,0.00,0.00,0.00
656,0.00,0.00,0.00
660,0.00,0.00,0.00
663,0.00,0.00,0.00
665,0.00,0.00,0.00
668,0.00,0.00,0.00
671,0.00,0.00,0.00
674,0.00,0.00,0.00
677,0.00,0.00,0.00
680,0.00,0.00,0.00
683,0.00,0.00,0.00
687,0.00,0.00,0.00
690,0.00,0.00,0.00
692,0.00,0.00,0.00
695,0.00,0.00,0.00
698,0.00,0.00,0.00
701,0.00,0.00,0.00
704,0.00,0.00,0.00
707,0.00,0.00,0.00
711,0.00,0.00,0.00
713,0.00,0.00,0.00
716,0.00,0.00,0.00
719,0.00,0.00,0.00
723,0.00,0.00,0.00
726,0.00,0.00,0.00
728,0.00,0.00,0.00
731,0.00,0.00,0.00
734,0.00,0.00,0.00
737,0.00,0.00,0.00
740,0.00,0.00,0.00
744,0.00,0.00,0.00
746,0.00,0.00,0.00
749,0.00,0.00,0.00
752,0.00,0.00,0.00
755,0.00,0.00,0.00
759,0.00,0.00,0.00
761,0.00,0.00,0.00
764,0.00,0.00,0.00
767,0.00,0.00,0.00
770,0.00,0.00,0.00
774,0.00,0.00,0.00
776,0.00,0.00,0.00
779,0.00,0.00,0.00
782,0.00,0.00,0.00
786,0.00,0.00,0.00
789,0.00,0.00,0.00
791,0.00,0.00,0.00
794,0.00,0.00,0.00
797,0.00,0.00,0.00
801,0.00,0.00,0.00
803,0.00,0.00,0.00
806,0.00,0.00,0.00
809,0.00,0.00,0.00
812,0.00,0.00,0.00
815,0.00,0.00,0.00
818,0.00,0.00,0.00
821,0.00,0.00,0.00
824,0.00,0.00,0.00
827,0.00,0.00,0.00
830,0.00,0.00,0.00
834,0.00,0.00,0.00
837,0.00,0.00,0.00
839,0.00,0.00,0.00
842,0.00,0.00,0.00
845,0.00,0.00,0.00
848,0.00,0.00,0.00
851,0.00,0.00,0.00
854,0.00,0.00,0.00
857,0.00,0.00,0.00
861,0.00,0.00,0.00
864,0.00,0.00,0.00
866,0.00,0.00,0.00
869,0.00,0.00,0.00
872,0.00,0.00,0.00
875,0.00,0.00,0.00
878,0.00,0.00,0.00
882,0.00,0.00,0.00
884,0.00,0.00,0.00
887,0.00,0.00,0.00
890,0.00,0.00,0.00
893,0.00,0.00,0.00
896,0.00,0.00,0.00
899,0.00,0.00,0.00
902,0.00,0.00,0.00
906,0.00,0.00,0.00
909,0.00,0.00,0.00
911,0.00,0.00,0.00
914,0.00,0.00,0.00
917,0.00,0.00,0.00
921,0.00,0.00,0.00
924,0.00,0.00,0.00
926,0.00,0.00,0.00
929,0.00,0.00,0.00
932,0.00,0.00,0.00
936,0.00,0.00,0.00
939,0.00,0.00,0.00
941,0.00,0.00,0.00
944,0.00,0.00,0.00
947,0.00,0.00,0.00
951,0.00,0.00,0.00
953,0.00,0.00,0.00
956,0.00,0.00,0.00
959,0.00,0.00,0.00
963,0.00,0.00,0.00
965,0.00,0.00,0.00
968,0.00,0.00,0.00
971,0.00,0.00,0.00
974,0.00,0.00,0.00
977,0.00,0.00,0.00
980,0.00,0.00,0.00
983,0.00,0.00,0.00
987,0.00,0.00,0.00
989,0.00,0.00,0.00
992,0.00,0.00,0.00
995,0.00,0.00,0.00
998,0.00,0.00,0.00
1002,40.00,0.00,0.00
1005,40.00,0.00,0.00
1007,40.00,0.00,0.00
1011,40.00,0.00,0.00
1013,40.00,0.00,0.00
1016,40.00,0.00,0.00
1020,40.00,0.00,0.00
1022,40.00,0.00,0.00
1025,40.00,0.00,0.00
1029,40.00,0.00,0.00
1031,40.00,0.00,0.00
1035,40.00,0.00,0.00
1038,40.00,0.00,0.00
1040,40.00,0.00,0.00
1044,40.00,0.00,0.00
1046,40.00,0.00,0.00
1049,40.00,0.00,0.00
1053,40.00,0.00,0.00
1056,40.00,0.00,0.00
1058,40.00,0.00,0.00
1062,40.00,0.00,0.00
1064,40.00,0.00,0.00
1067,40.00,0.00,0.00
1071,40.00,0.00,0.00
1073,40.00,0.00,0.00
1076,40.00,0.00,0.00
1080,40.00,0.00,0.00
1082,40.00,0.00,0.00
1086,40.00,0.00,0.00
1089,40.00,0.00,0.00
1091,40.00,0.00,0.00
1095,40.00,0.00,0.00
1097,40.00,0.00,0.00
1100,40.00,0.00,0.00
1104,40.00,0.00,0.00
1106,40.00,0.00,0.00
1110,40.00,0.00,0.00
1112,40.00,0.00,0.00
1116,40.00,0.00,0.00
1118,40.00,0.00,0.00
1122,40.00,0.00,0.00
1124,40.00,0.00,0.00
1127,40.00,0.00,0.00
1131,40.00,0.00,0.00
1133,40.00,0.00,0.00
1137,40.00,0.00,0.00
1140,40.00,0.00,0.00
1142,40.00,0.00,0.00
1146,40.00,0.00,0.00
1148,40.00,0.00,0.00
1152,40.00,0.00,0.00
1154,40.00,0.00,0.00
1158,40.00,0.00,0.00
1160,40.00,0.00,0.00
1164,40.00,0.00,0.00
1166,40.00,0.00,0.00
1169,40.00,0.00,0.00
1173,40.00,0.00,0.00
1175,40.00,0.00,0.00
1179,40.00,0.00,0.00
1181,40.00,0.00,0.00
1185,40.00,0.00,0.00
1188,40.00,0.00,0.00
1191,40.00,0.00,0.00
1193,40.00,0.00,0.00
1197,40.00,0.00,0.00
1199,40.00,0.00,0.00
1203,40.00,0.00,0.00
1205,40.00,0.00,0.00
1208,40.00,0.00,0.00
1212,40.00,0.00,0.00
1214,40.00,0.00,0.00
1218,40.00,0.00,0.00
1221,40.00,0.00,0.00
1223,40.00,0.00,0.00
1227,40.00,0.00,0.00
1229,40.00,0.00,0.00
1233,40.00,0.00,0.00
1235,40.00,0.00,0.00
1239,40.00,0.00,0.00
1242,40.00,0.00,0.00
1244,40.00,0.00,0.00
1248,40.00,0.00,0.00
1250,40.00,0.00,0.00
1254,40.00,0.00,0.00
1256,40.00,0.00,0.00
1260,40.00,0.00,0.00
1262,40.00,0.00,0.00
1266,40.00,0.00,0.00
1268,40.00,0.00,0.00
1272,40.00,0.00,0.00
1274,40.00,0.00,0.00
1278,40.00,0.00,0.00
1280,40.00,0.00,0.00
1284,40.00,0.00,0.00
1286,40.00,0.00,0.00
1289,40.00,0.00,0.00
1292,40.00,0.00,0.00
1296,40.00,0.00,0.00
1298,40.00,0.00,0.00
1301,40.00,0.00,0.00
1305,40.00,0.00,0.00
1307,40.00,0.00,0.00
1310,40.00,0.00,0.00
1314,40.00,0.00,0.00
1317,40.00,0.00,0.00
1319,40.00,0.00,0.00
1323,40.00,0.00,0.00
1325,40.00,0.00,0.00
1328,40.00,0.00,0.00
1332,40.00,0.00,0.00
1334,40.00,0.00,0.00
1337,40.00,0.00,0.00
1341,40.00,0.00,0.00
1343,40.00,0.00,0.00
1347,40.00,0.00,0.00
1350,40.00,0.00,0.00
1352,40.00,0.00,0.00
1356,40.00,0.00,0.00
1358,40.00,0.00,0.00
1362,40.00,0.00,0.00
1364,40.00,0.00,0.00
1367,40.00,0.00,0.00
1371,40.00,0.00,0.00
1374,40.00,0.00,0.00
1376,40.00,0.00,0.00
1380,40.00,0.00,0.00
1383,40.00,0.00,0.00
1385,40.00,0.00,0.00
1389,40.00,0.00,0.00
1391,40.00,0.00,0.00
1394,40.00,0.00,0.00
1398,40.00,0.00,0.00
1400,40.00,0.00,0.00
1403,40.00,0.00,0.00
1407,40.00,0.00,0.00
1409,40.00,0.00,0.00
1413,40.00,0.00,0.00
1415,40.00,0.00,0.00
1418,40.00,0.00,0.00
1422,40.00,0.00,0.00
1424,40.00,0.00,0.00
1428,40.00,0.00,0.00
1430,40.00,0.00,0.00
1434,40.00,0.00,0.00
1437,40.00,0.00,0.00
1439,40.00,0.00,0.00
1443,40.00,0.00,0.00
1445,40.00,0.00,0.00
1448,40.00,0.00,0.00
1452,40.00,0.00,0.00
1454,40.00,0.00,0.00
1458,40.00,0.00,0.00
1461,40.00,0.00,0.00
1463,40.00,0.00,0.00
1467,40.00,0.00,0.00
1469,40.00,0.00,0.00
1472,40.00,0.00,0.00
1476,40.00,0.00,0.00
1478,40.00,0.00,0.00
1482,40.00,0.00,0.00
1484,40.00,0.00,0.00
1487,40.00,0.00,0.00
1491,40.00,0.00,0.00
1493,40.00,0.00,0.00
1496,40.00,0.00,0.00
1500,40.00,0.00,0.00
1502,40.00,0.00,0.00
1506,40.00,0.00,0.00
1508,40.00,0.00,0.00
1512,40.00,0.00,0.00
1514,40.00,0.00,0.00
1518,40.00,0.00,0.00
1521,40.00,0.00,0.00
1523,40.00,0.00,0.00
1527,40.00,0.00,0.00
1529,40.00,0.00,0.00
1533,40.00,0.00,0.00
1535,40.00,0.00,0.00
1539,40.00,0.00,0.00
1541,40.00,0.00,0.00
1545,40.00,0.00,0.00
1547,40.00,0.00,0.00
1551,40.00,0.00,0.00
1553,40.00,0.00,0.00
1557,40.00,0.00,0.00
1560,40.00,0.00,0.00
1563,40.00,0.00,0.00
1565,40.00,0.00,0.00
1569,40.00,0.00,0.00
1572,40.00,0.00,0.00
1575,40.00,0.00,0.00
1577,40.00,0.00,0.00
1581,40.00,0.00,0.00
1583,40.00,0.00,0.00
1587,40.00,0.00,0.00
1589,40.00,0.00,0.00
1593,40.00,0.00,0.00
1595,40.00,0.00,0.00
1599,40.00,0.00,0.00
1601,40.00,0.00,0.00
1605,40.00,0.00,0.00
1607,40.00,0.00,0.00
1610,40.00,0.00,0.00
1613,40.00,0.00,0.00
1617,40.00,0.00,0.00
1619,40.00,0.00,0.00
1622,40.00,0.00,0.00
1626,40.00,0.00,0.00
1628,40.00,0.00,0.00
1631,40.00,0.00,0.00
1635,40.00,0.00,0.00
1638,40.00,0.00,0.00
1640,40.00,0.00,0.00
1644,40.00,0.00,0.00
1646,40.00,0.00,0.00
1649,40.00,0.00,0.00
1652,40.00,0.00,0.00
1656,40.00,0.00,0.00
1658,40.00,0.00,0.00
1661,40.00,0.00,0.00
1665,40.00,0.00,0.00
1667,40.00,0.00,0.00
1671,40.00,0.00,0.00
1674,40.00,0.00,0.00
1676,40.00,0.00,0.00
1680,40.00,0.00,0.00
1683,40.00,0.00,0.00
1685,40.00,0.00,0.00
1688,40.00,0.00,0.00
1692,40.00,0.00,0.00
1694,40.00,0.00,0.00
1698,40.00,0.00,0.00
1701,40.00,0.00,0.00
1703,40.00,0.00,0.00
1707,40.00,0.00,0.00
1709,40.00,0.00,0.00
1712,40.00,0.00,0.00
1716,40.00,0.00,0.00
1718,40.00,0.00,0.00
1722,40.00,0.00,0.00
1725,40.00,0.00,0.00
1727,40.00,0.00,0.00
1731,40.00,0.00,0.00
1734,40.00,0.00,0.00
1736,40.00,0.00,0.00
1740,40.00,0.00,0.00
1742,40.00,0.00,0.00
1746,40.00,0.00,0.00
1748,40.00,0.00,0.00
1751,40.00,0.00,0.00
1755,40.00,0.00,0.00
1757,40.00,0.00,0.00
1761,40.00,0.00,0.00
1763,40.00,0.00,0.00
1766,40.00,0.00,0.00
1770,40.00,0.00,0.00
1772,40.00,0.00,0.00
1775,40.00,0.00,0.00
1779,40.00,0.00,0.00
1781,40.00,0.00,0.00
1784,40.00,0.00,0.00
1788,40.00,0.00,0.00
1790,40.00,0.00,0.00
1793,40.00,0.00,0.00
1797,40.00,0.00,0.00
1799,40.00,0.00,0.00
1803,40.00,0.00,0.00
1805,40.00,0.00,0.00
1808,40.00,0.00,0.00
1812,40.00,0.00,0.00
1814,40.00,0.00,0.00
1817,40.00,0.00,0.00
1821,40.00,0.00,0.00
1823,40.00,0.00,0.00
1827,40.00,0.00,0.00
1829,40.00,0.00,0.00
1833,40.00,0.00,0.00
1836,40.00,0.00,0.00
1839,40.00,0.00,0.00
1842,40.00,0.00,0.00
1844,40.00,0.00,0.00
1848,40.00,0.00,0.00
1850,40.00,0.00,0.00
1853,40.00,0.00,0.00
1857,40.00,0.00,0.00
1859,40.00,0.00,0.00
1863,40.00,0.00,0.00
1865,40.00,0.00,0.00
1869,40.00,0.00,0.00
1872,40.00,0.00,0.00
1874,40.00,0.00,0.00
1878,40.00,0.00,0.00
1880,40.00,0.00,0.00
1884,40.00,0.00,0.00
1886,40.00,0.00,0.00
1890,40.00,0.00,0.00
1892,40.00,0.00,0.00
1896,40.00,0.00,0.00
1899,40.00,0.00,0.00
1902,40.00,0.00,0.00
1905,40.00,0.00,0.00
1907,40.00,0.00,0.00
1911,40.00,0.00,0.00
1913,40.00,0.00,0.00
1917,40.00,0.00,0.00
1920,40.00,0.00,0.00
1922,40.00,0.00,0.00
1926,40.00,0.00,0.00
1929,40.00,0.00,0.00
1931,40.00,0.00,0.00
1935,40.00,0.00,0.00
1938,40.00,0.00,0.00
1940,40.00,0.00,0.00
1944,40.00,0.00,0.00
1946,40.00,0.00,0.00
1949,40.00,0.00,0.00
1953,40.00,0.00,0.00
1955,40.00,0.00,0.00
1959,40.00,0.00,0.00
1962,40.00,0.00,0.00
1964,40.00,0.00,0.00
1968,40.00,0.00,0.00
1970,40.00,0.00,0.00
1974,40.00,0.00,0.00
1976,40.00,0.00,0.00
1979,40.00,0.00,0.00
1983,40.00,0.00,0.00
1985,40.00,0.00,0.00
1989,40.00,0.00,0.00
1991,40.00,0.00,0.00
1995,40.00,0.00,0.00
1998,40.00,0.00,0.00
2001,40.00,0.00,0.00
2004,40.00,0.00,0.00
2006,40.00,0.00,0.00
2010,40.00,0.00,0.00
2013,40.00,0.00,0.00
2015,40.00,0.00,0.00
2019,40.00,0.00,0.00
2022,40.00,0.00,0.00
2024,40.00,0.00,0.00
2028,40.00,0.00,0.00
2030,40.00,0.00,0.00
2033,40.00,0.00,0.00
2037,40.00,0.00,0.00
2039,40.00,0.00,0.00
2043,40.00,0.00,0.00
2045,40.00,0.00,0.00
2048,40.00,0.00,0.00
2052,40.00,0.00,0.00
2054,40.00,0.00,0.00
2057,40.00,0.00,0.00
2061,40.00,0.00,0.00
2063,40.00,0.00,0.00
2067,40.00,0.00,0.00
2069,40.00,0.00,0.00
2073,40.00,0.00,0.00
2076,40.00,0.00,0.00
2079,40.00,0.00,0.00
2082,40.00,0.00,0.00
2084,40.00,0.00,0.00
2088,40.00,0.00,0.00
2090,40.00,0.00,0.00
2094,40.00,0.00,0.00
2097,40.00,0.00,0.00
2099,40.00,0.00,0.00
2103,40.00,0.00,0.00
2105,40.00,0.00,0.00
2108,40.00,0.00,0.00
2112,40.00,0.00,0.00
2114,40.00,0.00,0.00
2118,40.00,0.00,0.00
2120,40.00,0.00,0.00
2124,40.00,0.00,0.00
2127,40.00,0.00,0.00
2129,40.00,0.00,0.00
2133,40.00,0.00,0.00
2135,40.00,0.00,0.00
2139,40.00,0.00,0.00
2141,40.00,0.00,0.00
2145,40.00,0.00,0.00
2147,40.00,0.00,0.00
2151,40.00,0.00,0.00
2153,40.00,0.00,0.00
2157,40.00,0.00,0.00
2159,40.00,0.00,0.00
2163,40.00,0.00,0.00
2165,40.00,0.00,0.00
2169,40.00,0.00,0.00
2171,40.00,0.00,0.00
2175,40.00,0.00,0.00
2177,40.00,0.00,0.00
2180,40.00,0.00,0.00
2184,40.00,0.00,0.00
2186,40.00,0.00,0.00
2190,40.00,0.00,0.00
2192,40.00,0.00,0.00
2196,40.00,0.00,0.00
2198,40.00,0.00,0.00
2202,40.00,0.00,0.00
2204,40.00,0.00,0.00
2208,40.00,0.00,0.00
2210,40.00,0.00,0.00
2214,40.00,0.00,0.00
2216,40.00,0.00,0.00
2220,40.00,0.00,0.00
2222,40.00,0.00,0.00
2226,40.00,0.00,0.00
2228,40.00,0.00,0.00
2232,40.00,0.00,0.00
2234,40.00,0.00,0.00
2238,40.00,0.00,0.00
2240,40.00,0.00,0.00
2244,40.00,0.00,0.00
2246,40.00,0.00,0.00
2249,40.00,0.00,0.00
2253,40.00,0.00,0.00
2255,40.00,0.00,0.00
2259,40.00,0.00,0.00
2262,40.00,0.00,0.00
2264,40.00,0.00,0.00
2268,40.00,0.00,0.00
2270,40.00,0.00,0.00
2274,40.00,0.00,0.00
2276,40.00,0.00,0.00
2280,40.00,0.00,0.00
2282,40.00,0.00,0.00
2285,40.00,0.00,0.00
2289,40.00,0.00,0.00
2291,40.00,0.00,0.00
2295,40.00,0.00,0.00
2297,40.00,0.00,0.00
2301,40.00,0.00,0.00
2303,40.00,0.00,0.00
2307,40.00,0.00,0.00
2309,40.00,0.00,0.00
2313,40.00,0.00,0.00
2316,40.00,0.00,0.00
2319,40.00,0.00,0.00
2321,40.00,0.00,0.00
2325,40.00,0.00,0.00
2327,40.00,0.00,0.00
2330,40.00,0.00,0.00
2334,40.00,0.00,0.00
2336,40.00,0.00,0.00
2340,40.00,0.00,0.00
2342,40.00,0.00,0.00
2346,40.00,0.00,0.00
2348,40.00,0.00,0.00
2352,40.00,0.00,0.00
2354,40.00,0.00,0.00
2358,40.00,0.00,0.00
2361,40.00,0.00,0.00
2364,40.00,0.00,0.00
2367,40.00,0.00,0.00
2370,40.00,0.00,0.00
2373,40.00,0.00,0.00
2376,40.00,0.00,0.00
2379,40.00,0.00,0.00
2381,40.00,0.00,0.00
2385,40.00,0.00,0.00
2388,40.00,0.00,0.00
2391,40.00,0.00,0.00
2394,40.00,0.00,0.00
2396,40.00,0.00,0.00
2400,40.00,0.00,0.00
2402,40.00,0.00,0.00
2406,40.00,0.00,0.00
2409,40.00,0.00,0.00
2411,40.00,0.00,0.00
2415,40.00,0.00,0.00
2417,40.00,0.00,0.00
2420,40.00,0.00,0.00
2424,40.00,0.00,0.00
2426,40.00,0.00,0.00
2430,40.00,0.00,0.00
2432,40.00,0.00,0.00
2436,40.00,0.00,0.00
2438,40.00,0.00,0.00
2442,40.00,0.00,0.00
2444,40.00,0.00,0.00
2448,40.00,0.00,0.00
2451,40.00,0.00,0.00
2453,40.00,0.00,0.00
2457,40.00,0.00,0.00
2459,40.00,0.00,0.00
2463,40.00,0.00,0.00
2465,40.00,0.00,0.00
2469,40.00,0.00,0.00
2472,40.00,0.00,0.00
2474,40.00,0.00,0.00
2478,40.00,0.00,0.00
2480,40.00,0.00,0.00
2484,40.00,0.00,0.00
2486,40.00,0.00,0.00
2490,40.00,0.00,0.00
2493,40.00,0.00,0.00
2496,40.00,0.00,0.00
2499,40.00,0.00,0.00
2502,40.00,0.00,0.00
2505,40.00,0.00,0.00
2508,40.00,0.00,0.00
2511,40.00,0.00,0.00
2514,40.00,0.00,0.00
2517,40.00,0.00,0.00
2520,40.00,0.00,0.00
2522,40.00,0.00,0.00
2526,40.00,0.00,0.00
2528,40.00,0.00,0.00
2532,40.00,0.00,0.00
2534,40.00,0.00,0.00
2538,40.00,0.00,0.00
2540,40.00,0.00,0.00
2544,40.00,0.00,0.00
2547,40.00,0.00,0.00
2550,40.00,0.00,0.00
2553,40.00,0.00,0.00
2555,40.00,0.00,0.00
2559,40.00,0.00,0.00
2561,40.00,0.00,0.00
2565,40.00,0.00,0.00
2567,40.00,0.00,0.00
2570,40.00,0.00,0.00
2573,40.00,0.00,0.00
2577,40.00,0.00,0.00
2579,40.00,0.00,0.00
2582,40.00,0.00,0.00
2586,40.00,0.00,0.00
2588,40.00,0.00,0.00
2591,40.00,0.00,0.00
2595,40.00,0.00,0.00
2597,40.00,0.00,0.00
2600,40.00,0.00,0.00
2604,40.00,0.00,0.00
2606,40.00,0.00,0.00
2609,40.00,0.00,0.00
2613,40.00,0.00,0.00
2615,40.00,0.00,0.00
2618,40.00,0.00,0.00
2622,40.00,0.00,0.00
2624,40.00,0.00,0.00
2627,40.00,0.00,0.00
2631,40.00,0.00,0.00
2633,40.00,0.00,0.00
2637,40.00,0.00,0.00
2639,40.00,0.00,0.00
2643,40.00,0.00,0.00
2645,40.00,0.00,0.00
2648,40.00,0.00,0.00
2652,40.00,0.00,0.00
2655,40.00,0.00,0.00
2657,40.00,0.00,0.00
2661,40.00,0.00,0.00
2664,40.00,0.00,0.00
2666,40.00,0.00,0.00
2670,40.00,0.00,0.00
2673,40.00,0.00,0.00
2675,40.00,0.00,0.00
2679,40.00,0.00,0.00
2681,40.00,0.00,0.00
2685,40.00,0.00,0.00
2688,40.00,0.00,0.00
2690,40.00,0.00,0.00
2694,40.00,0.00,0.00
2696,40.00,0.00,0.00
2699,40.00,0.00,0.00
2703,40.00,0.00,0.00
2705,40.00,0.00,0.00
2709,40.00,0.00,0.00
2711,40.00,0.00,0.00
2715,40.00,0.00,0.00
2717,40.00,0.00,0.00
2721,40.00,0.00,0.00
2723,40.00,0.00,0.00
2727,40.00,0.00,0.00
2730,40.00,0.00,0.00
2732,40.00,0.00,0.00
2736,40.00,0.00,0.00
2738,40.00,0.00,0.00
2742,40.00,0.00,0.00
2744,40.00,0.00,0.00
2748,40.00,0.00,0.00
2751,40.00,0.00,0.00
2753,40.00,0.00,0.00
2757,40.00,0.00,0.00
2759,40.00,0.00,0.00
2763,40.00,0.00,0.00
2765,40.00,0.00,0.00
2769,40.00,0.00,0.00
2772,40.00,0.00,0.00
2775,40.00,0.00,0.00
2778,40.00,0.00,0.00
2781,40.00,0.00,0.00
2784,40.00,0.00,0.00
2786,40.00,0.00,0.00
2790,40.00,0.00,0.00
2792,40.00,0.00,0.00
2796,40.00,0.00,0.00
2798,40.00,0.00,0.00
2802,40.00,0.00,0.00
2804,40.00,0.00,0.00
2808,40.00,0.00,0.00
2811,40.00,0.00,0.00
2813,40.00,0.00,0.00
2817,40.00,0.00,0.00
2819,40.00,0.00,0.00
2822,40.00,0.00,0.00
2826,40.00,0.00,0.00
2828,40.00,0.00,0.00
2832,40.00,0.00,0.00
2834,40.00,0.00,0.00
2838,40.00,0.00,0.00
2840,40.00,0.00,0.00
2844,40.00,0.00,0.00
2846,40.00,0.00,0.00
2850,40.00,0.00,0.00
2853,40.00,0.00,0.00
2855,40.00,0.00,0.00
2859,40.00,0.00,0.00
2861,40.00,0.00,0.00
2865,40.00,0.00,0.00
2867,40.00,0.00,0.00
2871,40.00,0.00,0.00
2873,40.00,0.00,0.00
2877,40.00,0.00,0.00
2879,40.00,0.00,0.00
2883,40.00,0.00,0.00
2885,40.00,0.00,0.00
2888,40.00,0.00,0.00
2892,40.00,0.00,0.00
2894,40.00,0.00,0.00
2898,40.00,0.00,0.00
2901,40.00,0.00,0.00
2903,40.00,0.00,0.00
2907,40.00,0.00,0.00
2909,40.00,0.00,0.00
2913,40.00,0.00,0.00
2916,40.00,0.00,0.00
2918,40.00,0.00,0.00
2922,40.00,0.00,0.00
2924,40.00,0.00,0.00
2928,40.00,0.00,0.00
2930,40.00,0.00,0.00
2934,40.00,0.00,0.00
2936,40.00,0.00,0.00
2940,40.00,0.00,0.00
2942,40.00,0.00,0.00
2946,40.00,0.00,0.00
2948,40.00,0.00,0.00
2952,40.00,0.00,0.00
2954,40.00,0.00,0.00
2958,40.00,0.00,0.00
2960,40.00,0.00,0.00
2964,40.00,0.00,0.00
2966,40.00,0.00,0.00
2969,40.00,0.00,0.00
2973,40.00,0.00,0.00
2975,40.00,0.00,0.00
2979,40.00,0.00,0.00
2981,40.00,0.00,0.00
2985,40.00,0.00,0.00
2987,40.00,0.00,0.00
2991,40.00,0.00,0.00
2993,40.00,0.00,0.00
2997,40.00,0.00,0.00
2999,40.00,0.00,0.00
3003,40.00,0.00,0.00
3005,40.00,0.00,0.00
3009,40.00,0.00,0.00
3011,40.00,0.00,0.00
3015,40.00,0.00,0.00
3017,40.00,0.00,0.00
3021,40.00,0.00,0.00
3023,40.00,0.00,0.00
3027,40.00,0.00,0.00
3030,40.00,0.00,0.00
3033,40.00,0.00,0.00
3036,40.00,0.00,0.00
3038,40.00,0.00,0.00
3042,40.00,0.00,0.00
3044,40.00,0.00,0.00
3048,40.00,0.00,0.00
3050,40.00,0.00,0.00
3054,40.00,0.00,0.00
3056,40.00,0.00,0.00
3060,40.00,0.00,0.00
3062,40.00,0.00,0.00
3066,40.00,0.00,0.00
3068,40.00,0.00,0.00
3072,40.00,0.00,0.00
3074,40.00,0.00,0.00
3078,40.00,0.00,0.00
3080,40.00,0.00,0.00
3084,40.00,0.00,0.00
3086,40.00,0.00,0.00
3090,40.00,0.00,0.00
3092,40.00,0.00,0.00
3096,40.00,0.00,0.00
3098,40.00,0.00,0.00
3102,40.00,0.00,0.00
3105,40.00,0.00,0.00
3107,40.00,0.00,0.00
3111,40.00,0.00,0.00
3114,40.00,0.00,0.00
3117,40.00,0.00,0.00
3120,40.00,0.00,0.00
3122,40.00,0.00,0.00
3126,40.00,0.00,0.00
3128,40.00,0.00,0.00
3132,40.00,0.00,0.00
3135,40.00,0.00,0.00
3137,40.00,0.00,0.00
3141,40.00,0.00,0.00
3143,40.00,0.00,0.00
3147,40.00,0.00,0.00
3149,40.00,0.00,0.00
3153,40.00,0.00,0.00
3156,40.00,0.00,0.00
3158,40.00,0.00,0.00
3162,40.00,0.00,0.00
3164,40.00,0.00,0.00
3168,40.00,0.00,0.00
3171,40.00,0.00,0.00
3173,40.00,0.00,0.00
3177,40.00,0.00,0.00
3179,40.00,0.00,0.00
3183,40.00,0.00,0.00
3186,40.00,0.00,0.00
3189,40.00,0.00,0.00
3192,40.00,0.00,0.00
3195,40.00,0.00,0.00
3197,40.00,0.00,0.00
3201,40.00,0.00,0.00
3203,40.00,0.00,0.00
3207,40.00,0.00,0.00
3209,40.00,0.00,0.00
3212,40.00,0.00,0.00
3216,40.00,0.00,0.00
3219,40.00,0.00,0.00
3221,40.00,0.00,0.00
3225,40.00,0.00,0.00
3227,40.00,0.00,0.00
3230,40.00,0.00,0.00
3234,40.00,0.00,0.00
3236,40.00,0.00,0.00
3239,40.00,0.00,0.00
3243,40.00,0.00,0.00
3245,40.00,0.00,0.00
3248,40.00,0.00,0.00
3252,40.00,0.00,0.00
3254,40.00,0.00,0.00
3257,40.00,0.00,0.00
3261,40.00,0.00,0.00
3263,40.00,0.00,0.00
3267,40.00,0.00,0.00
3269,40.00,0.00,0.00
3272,40.00,0.00,0.00
3276,40.00,0.00,0.00
3278,40.00,0.00,0.00
3281,40.00,0.00,0.00
3285,40.00,0.00,0.00
3287,40.00,0.00,0.00
3290,40.00,0.00,0.00
3294,40.00,0.00,0.00
3296,40.00,0.00,0.00
3299,40.00,0.00,0.00
3303,40.00,0.00,0.00
3305,40.00,0.00,0.00
3309,40.00,0.00,0.00
3312,40.00,0.00,0.00
3314,40.00,0.00,0.00
3318,40.00,0.00,0.00
3320,40.00,0.00,0.00
3324,40.00,0.00,0.00
3326,40.00,0.00,0.00
3330,40.00,0.00,0.00
3333,40.00,0.00,0.00
3335,40.00,0.00,0.00
3339,40.00,0.00,0.00
3341,40.00,0.00,0.00
3345,40.00,0.00,0.00
3347,40.00,0.00,0.00
3351,40.00,0.00,0.00
3353,40.00,0.00,0.00
3357,40.00,0.00,0.00
3359,40.00,0.00,0.00
3363,40.00,0.00,0.00
3365,40.00,0.00,0.00
3368,40.00,0.00,0.00
3372,40.00,0.00,0.00
3374,40.00,0.00,0.00
3377,40.00,0.00,0.00
3381,40.00,0.00,0.00
3383,40.00,0.00,0.00
3387,40.00,0.00,0.00
3389,40.00,0.00,0.00
3393,40.00,0.00,0.00
3396,40.00,0.00,0.00
3399,40.00,0.00,0.00
3402,40.00,0.00,0.00
3405,40.00,0.00,0.00
3408,40.00,0.00,0.00
3410,40.00,0.00,0.00
3414,40.00,0.00,0.00
3416,40.00,0.00,0.00
3420,40.00,0.00,0.00
3422,40.00,0.00,0.00
3426,40.00,0.00,0.00
3428,40.00,0.00,0.00
3432,40.00,0.00,0.00
3434,40.00,0.00,0.00
3438,40.00,0.00,0.00
3440,40.00,0.00,0.00
3444,40.00,0.00,0.00
3446,40.00,0.00,0.00
3449,40.00,0.00,0.00
3453,40.00,0.00,0.00
3455,40.00,0.00,0.00
3459,40.00,0.00,0.00
3461,40.00,0.00,0.00
3465,40.00,0.00,0.00
3467,40.00,0.00,0.00
3471,40.00,0.00,0.00
3473,40.00,0.00,0.00
3477,40.00,0.00,0.00
3479,40.00,0.00,0.00
3483,40.00,0.00,0.00
3485,40.00,0.00,0.00
3489,40.00,0.00,0.00
3491,40.00,0.00,0.00
3495,40.00,0.00,0.00
3497,40.00,0.00,0.00
3501,40.00,0.00,0.00
3503,40.00,0.00,0.00
3507,40.00,0.00,0.00
3509,40.00,0.00,0.00
3513,40.00,0.00,0.00
3516,40.00,0.00,0.00
3519,40.00,0.00,0.00
3522,40.00,0.00,0.00
3524,40.00,0.00,0.00
3528,40.00,0.00,0.00
3530,40.00,0.00,0.00
3534,40.00,0.00,0.00
3537,40.00,0.00,0.00
3539,40.00,0.00,0.00
3543,40.00,0.00,0.00
3545,40.00,0.00,0.00
3549,40.00,0.00,0.00
3551,40.00,0.00,0.00
3555,40.00,0.00,0.00
3557,40.00,0.00,0.00
3561,40.00,0.00,0.00
3563,40.00,0.00,0.00
3567,40.00,0.00,0.00
3569,40.00,0.00,0.00
3573,40.00,0.00,0.00
3575,40.00,0.00,0.00
3579,40.00,0.00,0.00
3582,40.00,0.00,0.00
3585,40.00,0.00,0.00
3587,40.00,0.00,0.00
3591,40.00,0.00,0.00
3593,40.00,0.00,0.00
3597,40.00,0.00,0.00
3600,40.00,0.00,0.00
3603,40.00,0.00,0.00
3605,40.00,0.00,0.00
3609,40.00,0.00,0.00
3611,40.00,0.00,0.00
3615,40.00,0.00,0.00
3618,40.00,0.00,0.00
3620,40.00,0.00,0.00
3624,40.00,0.00,0.00
3626,40.00,0.00,0.00
3630,40.00,0.00,0.00
3632,40.00,0.00,0.00
3636,40.00,0.00,0.00
3638,40.00,0.00,0.00
3642,40.00,0.00,0.00
3644,40.00,0.00,0.00
3648,40.00,0.00,0.00
3650,40.00,0.00,0.00
3654,40.00,0.00,0.00
3656,40.00,0.00,0.00
3660,40.00,0.00,0.00
3662,40.00,0.00,0.00
3666,40.00,0.00,0.00
3668,40.00,0.00,0.00
3672,40.00,0.00,0.00
3674,40.00,0.00,0.00
3678,40.00,0.00,0.00
3680,40.00,0.00,0.00
3684,40.00,0.00,0.00
3686,40.00,0.00,0.00
3689,40.00,0.00,0.00
3693,40.00,0.00,0.00
3695,40.00,0.00,0.00
3699,40.00,0.00,0.00
3701,40.00,0.00,0.00
3705,40.00,0.00,0.00
3707,40.00,0.00,0.00
3711,40.00,0.00,0.00
3713,40.00,0.00,0.00
3717,40.00,0.00,0.00
3719,40.00,0.00,0.00
3723,40.00,0.00,0.00
3725,40.00,0.00,0.00
3729,40.00,0.00,0.00
3732,40.00,0.00,0.00
3735,40.00,0.00,0.00
3738,40.00,0.00,0.00
3740,40.00,0.00,0.00
3744,40.00,0.00,0.00
3747,40.00,0.00,0.00
3750,40.00,0.00,0.00
3753,40.00,0.00,0.00
3755,40.00,0.00,0.00
3759,40.00,0.00,0.00
3761,40.00,0.00,0.00
3765,40.00,0.00,0.00
3767,40.00,0.00,0.00
3771,40.00,0.00,0.00
3773,40.00,0.00,0.00
3777,40.00,0.00,0.00
3780,40.00,0.00,0.00
3782,40.00,0.00,0.00
3786,40.00,0.00,0.00
3788,40.00,0.00,0.00
3792,40.00,0.00,0.00
3795,40.00,0.00,0.00
3797,40.00,0.00,0.00
3801,40.00,0.00,0.00
3803,40.00,0.00,0.00
3807,40.00,0.00,0.00
3809,40.00,0.00,0.00
3813,40.00,0.00,0.00
3816,40.00,0.00,0.00
3819,40.00,0.00,0.00
3822,40.00,0.00,0.00
3824,40.00,0.00,0.00
3828,40.00,0.00,0.00
3831,40.00,0.00,0.00
3833,40.00,0.00,0.00
3837,40.00,0.00,0.00
3840,40.00,0.00,0.00
3843,40.00,0.00,0.00
3845,40.00,0.00,0.00
3849,40.00,0.00,0.00
3852,40.00,0.00,0.00
3854,40.00,0.00,0.00
3858,40.00,0.00,0.00
3860,40.00,0.00,0.00
3864,40.00,0.00,0.00
3866,40.00,0.00,0.00
3870,40.00,0.00,0.00
3873,40.00,0.00,0.00
3875,40.00,0.00,0.00
3879,40.00,0.00,0.00
3881,40.00,0.00,0.00
3885,40.00,0.00,0.00
3887,40.00,0.00,0.00
3891,40.00,0.00,0.00
3894,40.00,0.00,0.00
3896,40.00,0.00,0.00
3900,40.00,0.00,0.00
3902,40.00,0.00,0.00
3906,40.00,0.00,0.00
3908,40.00,0.00,0.00
3912,40.00,0.00,0.00
3914,40.00,0.00,0.00
3918,40.00,0.00,0.00
3921,40.00,0.00,0.00
3924,40.00,0.00,0.00
3926,40.00,0.00,0.00
3930,40.00,0.00,0.00
3932,40.00,0.00,0.00
3936,40.00,0.00,0.00
3938,40.00,0.00,0.00
3942,40.00,0.00,0.00
3944,40.00,0.00,0.00
3948,40.00,0.00,0.00
3950,40.00,0.00,0.00
3954,40.00,0.00,0.00
3956,40.00,0.00,0.00
3960,40.00,0.00,0.00
3963,40.00,0.00,0.00
3965,40.00,0.00,0.00
3969,40.00,0.00,0.00
3971,40.00,0.00,0.00
3975,40.00,0.00,0.00
3977,40.00,0.00,0.00
3981,40.00,0.00,0.00
3983,40.00,0.00,0.00
3987,40.00,0.00,0.00
3989,40.00,0.00,0.00
3993,40.00,0.00,0.00
3996,40.00,0.00,0.00
3999,40.00,0.00,0.00
4002,40.00,0.00,0.00
4004,40.00,0.00,0.00
4007,40.00,0.00,0.00
4011,40.00,0.00,0.00
4013,40.00,0.00,0.00
4016,40.00,0.00,0.00
4020,40.00,0.00,0.00
4022,40.00,0.00,0.00
4026,40.00,0.00,0.00
4029,40.00,0.00,0.00
4031,40.00,0.00,0.00
4035,40.00,0.00,0.00
4037,40.00,0.00,0.00
4040,40.00,0.00,0.00
4044,40.00,0.00,0.00
4046,40.00,0.00,0.00
4049,40.00,0.00,0.00
4053,40.00,0.00,0.00
4055,40.00,0.00,0.00
4059,40.00,0.00,0.00
4061,40.00,0.00,0.00
4064,40.00,0.00,0.00
4068,40.00,0.00,0.00
4070,40.00,0.00,0.00
4074,40.00,0.00,0.00
4076,40.00,0.00,0.00
4080,40.00,0.00,0.00
4082,40.00,0.00,0.00
4085,40.00,0.00,0.00
4089,40.00,0.00,0.00
4091,40.00,0.00,0.00
4095,40.00,0.00,0.00
4098,40.00,0.00,0.00
4100,40.00,0.00,0.00
4104,40.00,0.00,0.00
4106,40.00,0.00,0.00
4110,40.00,0.00,0.00
4112,40.00,0.00,0.00
4116,40.00,0.00,0.00
4118,40.00,0.00,0.00
4122,40.00,0.00,0.00
4124,40.00,0.00,0.00
4128,40.00,0.00,0.00
4131,40.00,0.00,0.00
4133,40.00,0.00,0.00
4137,40.00,0.00,0.00
4140,40.00,0.00,0.00
4143,40.00,0.00,0.00
4146,40.00,0.00,0.00
4149,40.00,0.00,0.00
4151,40.00,0.00,0.00
4155,40.00,0.00,0.00
4158,40.00,0.00,0.00
4161,40.00,0.00,0.00
4163,40.00,0.00,0.00
4167,40.00,0.00,0.00
4169,40.00,0.00,0.00
4173,40.00,0.00,0.00
4176,40.00,0.00,0.00
4178,40.00,0.00,0.00
4182,40.00,0.00,0.00
4184,40.00,0.00,0.00
4188,40.00,0.00,0.00
4191,40.00,0.00,0.00
4193,40.00,0.00,0.00
4197,40.00,0.00,0.00
4199,40.00,0.00,0.00
4203,40.00,0.00,0.00
4205,40.00,0.00,0.00
4209,40.00,0.00,0.00
4212,40.00,0.00,0.00
4214,40.00,0.00,0.00
4218,40.00,0.00,0.00
4220,40.00,0.00,0.00
4224,40.00,0.00,0.00
4226,40.00,0.00,0.00
4230,40.00,0.00,0.00
4232,40.00,0.00,0.00
4236,40.00,0.00,0.00
4238,40.00,0.00,0.00
4242,40.00,0.00,0.00
4244,40.00,0.00,0.00
4248,40.00,0.00,0.00
4250,40.00,0.00,0.00
4254,40.00,0.00,0.00
4256,40.00,0.00,0.00
4259,40.00,0.00,0.00
4263,40.00,0.00,0.00
4265,40.00,0.00,0.00
4269,40.00,0.00,0.00
4271,40.00,0.00,0.00
4275,40.00,0.00,0.00
4277,40.00,0.00,0.00
4281,40.00,0.00,0.00
4283,40.00,0.00,0.00
4287,40.00,0.00,0.00
4289,40.00,0.00,0.00
4293,40.00,0.00,0.00
4295,40.00,0.00,0.00
4299,40.00,0.00,0.00
4301,40.00,0.00,0.00
4305,40.00,0.00,0.00
4307,40.00,0.00,0.00
4311,40.00,0.00,0.00
4314,40.00,0.00,0.00
4317,40.00,0.00,0.00
4320,40.00,0.00,0.00
4322,40.00,0.00,0.00
4326,40.00,0.00,0.00
4328,40.00,0.00,0.00
4332,40.00,0.00,0.00
4334,40.00,0.00,0.00
4338,40.00,0.00,0.00
4340,40.00,0.00,0.00
4344,40.00,0.00,0.00
4347,40.00,0.00,0.00
4350,40.00,0.00,0.00
4352,40.00,0.00,0.00
4356,40.00,0.00,0.00
4358,40.00,0.00,0.00
4362,40.00,0.00,0.00
4364,40.00,0.00,0.00
4368,40.00,0.00,0.00
4370,40.00,0.00,0.00
4374,40.00,0.00,0.00
4377,40.00,0.00,0.00
4380,40.00,0.00,0.00
4383,40.00,0.00,0.00
4386,40.00,0.00,0.00
4389,40.00,0.00,0.00
4391,40.00,0.00,0.00
4395,40.00,0.00,0.00
4397,40.00,0.00,0.00
4401,40.00,0.00,0.00
4404,40.00,0.00,0.00
4406,40.00,0.00,0.00
4409,40.00,0.00,0.00
4413,40.00,0.00,0.00
4415,40.00,0.00,0.00
4419,40.00,0.00,0.00
4422,40.00,0.00,0.00
4424,40.00,0.00,0.00
4428,40.00,0.00,0.00
4430,40.00,0.00,0.00
4434,40.00,0.00,0.00
4436,40.00,0.00,0.00
4440,40.00,0.00,0.00
4442,40.00,0.00,0.00
4446,40.00,0.00,0.00
4448,40.00,0.00,0.00
4452,40.00,0.00,0.00
4454,40.00,0.00,0.00
4458,40.00,0.00,0.00
4460,40.00,0.00,0.00
4464,40.00,0.00,0.00
4467,40.00,0.00,0.00
4470,40.00,0.00,0.00
4473,40.00,0.00,0.00
4475,40.00,0.00,0.00
4479,40.00,0.00,0.00
4481,40.00,0.00,0.00
4485,40.00,0.00,0.00
4487,40.00,0.00,0.00
4491,40.00,0.00,0.00
4494,40.00,0.00,0.00
4496,40.00,0.00,0.00
4500,40.00,0.00,0.00
4502,40.00,0.00,0.00
4506,40.00,0.00,0.00
4508,40.00,0.00,0.00
4512,40.00,0.00,0.00
4514,40.00,0.00,0.00
4518,40.00,0.00,0.00
4520,40.00,0.00,0.00
4524,40.00,0.00,0.00
4526,40.00,0.00,0.00
4529,40.00,0.00,0.00
4533,40.00,0.00,0.00
4535,40.00,0.00,0.00
4539,40.00,0.00,0.00
4541,40.00,0.00,0.00
4545,40.00,0.00,0.00
4548,40.00,0.00,0.00
4551,40.00,0.00,0.00
4554,40.00,0.00,0.00
4557,40.00,0.00,0.00
4560,40.00,0.00,0.00
4562,40.00,0.00,0.00
4565,40.00,0.00,0.00
4569,40.00,0.00,0.00
4571,40.00,0.00,0.00
4575,40.00,0.00,0.00
4577,40.00,0.00,0.00
4581,40.00,0.00,0.00
4583,40.00,0.00,0.00
4587,40.00,0.00,0.00
4589,40.00,0.00,0.00
4593,40.00,0.00,0.00
4595,40.00,0.00,0.00
4599,40.00,0.00,0.00
4601,40.00,0.00,0.00
4605,40.00,0.00,0.00
4608,40.00,0.00,0.00
4610,40.00,0.00,0.00
4614,40.00,0.00,0.00
4616,40.00,0.00,0.00
4620,40.00,0.00,0.00
4622,40.00,0.00,0.00
4626,40.00,0.00,0.00
4629,40.00,0.00,0.00
4631,40.00,0.00,0.00
4635,40.00,0.00,0.00
4637,40.00,0.00,0.00
4641,40.00,0.00,0.00
4643,40.00,0.00,0.00
4647,40.00,0.00,0.00
4649,40.00,0.00,0.00
4653,40.00,0.00,0.00
4655,40.00,0.00,0.00
4659,40.00,0.00,0.00
4661,40.00,0.00,0.00
4665,40.00,0.00,0.00
4668,40.00,0.00,0.00
4671,40.00,0.00,0.00
4674,40.00,0.00,0.00
4677,40.00,0.00,0.00
4680,40.00,0.00,0.00
4683,40.00,0.00,0.00
4685,40.00,0.00,0.00
4689,40.00,0.00,0.00
4691,40.00,0.00,0.00
4695,40.00,0.00,0.00
4697,40.00,0.00,0.00
4701,40.00,0.00,0.00
4703,40.00,0.00,0.00
4707,40.00,0.00,0.00
4709,40.00,0.00,0.00
4713,40.00,0.00,0.00
4716,40.00,0.00,0.00
4718,40.00,0.00,0.00
4722,40.00,0.00,0.00
4724,40.00,0.00,0.00
4728,40.00,0.00,0.00
4730,40.00,0.00,0.00
4734,40.00,0.00,0.00
4737,40.00,0.00,0.00
4739,40.00,0.00,0.00
4743,40.00,0.00,0.00
4746,40.00,0.00,0.00
4749,40.00,0.00,0.00
4752,40.00,0.00,0.00
4754,40.00,0.00,0.00
4758,40.00,0.00,0.00
4761,40.00,0.00,0.00
4763,40.00,0.00,0.00
4767,40.00,0.00,0.00
4769,40.00,0.00,0.00
4773,40.00,0.00,0.00
4776,40.00,0.00,0.00
4778,40.00,0.00,0.00
4782,40.00,0.00,0.00
4785,40.00,0.00,0.00
4788,40.00,0.00,0.00
4791,40.00,0.00,0.00
4793,40.00,0.00,0.00
4797,40.00,0.00,0.00
4800,40.00,0.00,0.00
4802,40.00,0.00,0.00
4805,40.00,0.00,0.00
4809,40.00,0.00,0.00
4811,40.00,0.00,0.00
4815,40.00,0.00,0.00
4818,40.00,0.00,0.00
4820,40.00,0.00,0.00
4824,40.00,0.00,0.00
4826,40.00,0.00,0.00
4830,40.00,0.00,0.00
4832,40.00,0.00,0.00
4836,40.00,0.00,0.00
4838,40.00,0.00,0.00
4842,40.00,0.00,0.00
4844,40.00,0.00,0.00
4847,40.00,0.00,0.00
4851,40.00,0.00,0.00
4853,40.00,0.00,0.00
4857,40.00,0.00,0.00
4859,40.00,0.00,0.00
4863,40.00,0.00,0.00
4865,40.00,0.00,0.00
4869,40.00,0.00,0.00
4871,40.00,0.00,0.00
4875,40.00,0.00,0.00
4878,40.00,0.00,0.00
4881,40.00,0.00,0.00
4884,40.00,0.00,0.00
4886,40.00,0.00,0.00
4890,40.00,0.00,0.00
4892,40.00,0.00,0.00
4896,40.00,0.00,0.00
4898,40.00,0.00,0.00
4902,40.00,0.00,0.00
4904,40.00,0.00,0.00
4908,40.00,0.00,0.00
4910,40.00,0.00,0.00
4914,40.00,0.00,0.00
4916,40.00,0.00,0.00
4920,40.00,0.00,0.00
4922,40.00,0.00,0.00
4926,40.00,0.00,0.00
4928,40.00,0.00,0.00
4932,40.00,0.00,0.00
4934,40.00,0.00,0.00
4938,40.00,0.00,0.00
4940,40.00,0.00,0.00
4944,40.00,0.00,0.00
4947,40.00,0.00,0.00
4949,40.00,0.00,0.00
4953,40.00,0.00,0.00
4956,40.00,0.00,0.00
4959,40.00,0.00,0.00
4962,40.00,0.00,0.00
4964,40.00,0.00,0.00
4968,40.00,0.00,0.00
4970,40.00,0.00,0.00
4974,40.00,0.00,0.00
4977,40.00,0.00,0.00
4980,40.00,0.00,0.00
4982,40.00,0.00,0.00
4986,40.00,0.00,0.00
4988,40.00,0.00,0.00
4992,40.00,0.00,0.00
4994,40.00,0.00,0.00
4998,40.00,0.00,0.00
5001,40.00,0.00,0.00
5003,40.00,0.00,0.00
5007,40.00,0.00,0.00
5009,40.00,0.00,0.00
5013,40.00,0.00,0.00
5015,40.00,0.00,0.00
5019,40.00,0.00,0.00
5022,40.00,0.00,0.00
5025,40.00,0.00,0.00
5028,40.00,0.00,0.00
5030,40.00,0.00,0.00
5034,40.00,0.00,0.00
5036,40.00,0.00,0.00
5040,40.00,0.00,0.00
5043,40.00,0.00,0.00
5045,40.00,0.00,0.00
5049,40.00,0.00,0.00
5051,40.00,0.00,0.00
5055,40.00,0.00,0.00
5057,40.00,0.00,0.00
5061,40.00,0.00,0.00
5064,40.00,0.00,0.00
5067,40.00,0.00,0.00
5070,40.00,0.00,0.00
5072,40.00,0.00,0.00
5076,40.00,0.00,0.00
5079,40.00,0.00,0.00
5081,40.00,0.00,0.00
5085,40.00,0.00,0.00
5087,40.00,0.00,0.00
5091,40.00,0.00,0.00
5094,40.00,0.00,0.00
5096,40.00,0.00,0.00
5100,40.00,0.00,0.00
5103,40.00,0.00,0.00
5105,40.00,0.00,0.00
5108,40.00,0.00,0.00
5112,40.00,0.00,0.00
5115,40.00,0.00,0.00
5117,40.00,0.00,0.00
5121,40.00,0.00,0.00
5123,40.00,0.00,0.00
5127,40.00,0.00,0.00
5129,40.00,0.00,0.00
5133,40.00,0.00,0.00
5136,40.00,0.00,0.00
5138,40.00,0.00,0.00
5142,40.00,0.00,0.00
5144,40.00,0.00,0.00
5148,40.00,0.00,0.00
5150,40.00,0.00,0.00
5153,40.00,0.00,0.00
5157,40.00,0.00,0.00
5159,40.00,0.00,0.00
5163,40.00,0.00,0.00
5165,40.00,0.00,0.00
5169,40.00,0.00,0.00
5171,40.00,0.00,0.00
5174,40.00,0.00,0.00
5178,40.00,0.00,0.00
5180,40.00,0.00,0.00
5184,40.00,0.00,0.00
5187,40.00,0.00,0.00
5190,40.00,0.00,0.00
5193,40.00,0.00,0.00
5196,40.00,0.00,0.00
5199,40.00,0.00,0.00
5202,40.00,0.00,0.00
5205,40.00,0.00,0.00
5208,40.00,0.00,0.00
5210,40.00,0.00,0.00
5214,40.00,0.00,0.00
5216,40.00,0.00,0.00
5219,40.00,0.00,0.00
5223,40.00,0.00,0.00
5225,40.00,0.00,0.00
5229,40.00,0.00,0.00
5232,40.00,0.00,0.00
5234,40.00,0.00,0.00
5238,40.00,0.00,0.00
5240,40.00,0.00,0.00
5244,40.00,0.00,0.00
5246,40.00,0.00,0.00
5250,40.00,0.00,0.00
5253,40.00,0.00,0.00
5255,40.00,0.00,0.00
5259,40.00,0.00,0.00
5261,40.00,0.00,0.00
5265,40.00,0.00,0.00
5267,40.00,0.00,0.00
5271,40.00,0.00,0.00
5273,40.00,0.00,0.00
5277,40.00,0.00,0.00
5279,40.00,0.00,0.00
5283,40.00,0.00,0.00
5285,40.00,0.00,0.00
5288,40.00,0.00,0.00
5292,40.00,0.00,0.00
5294,40.00,0.00,0.00
5298,40.00,0.00,0.00
5301,40.00,0.00,0.00
5303,40.00,0.00,0.00
5307,40.00,0.00,0.00
5309,40.00,0.00,0.00
5313,40.00,0.00,0.00
5315,40.00,0.00,0.00
5319,40.00,0.00,0.00
5321,40.00,0.00,0.00
5325,40.00,0.00,0.00
5328,40.00,0.00,0.00
5330,40.00,0.00,0.00
5334,40.00,0.00,0.00
5336,40.00,0.00,0.00
5340,40.00,0.00,0.00
5342,40.00,0.00,0.00
5346,40.00,0.00,0.00
5348,40.00,0.00,0.00
5352,40.00,0.00,0.00
5354,40.00,0.00,0.00
5358,40.00,0.00,0.00
5361,40.00,0.00,0.00
5363,40.00,0.00,0.00
5366,40.00,0.00,0.00
5370,40.00,0.00,0.00
5373,40.00,0.00,0.00
5375,40.00,0.00,0.00
5379,40.00,0.00,0.00
5381,40.00,0.00,0.00
5385,40.00,0.00,0.00
5387,40.00,0.00,0.00
5391,40.00,0.00,0.00
5393,40.00,0.00,0.00
5397,40.00,0.00,0.00
5399,40.00,0.00,0.00
5403,40.00,0.00,0.00
5405,40.00,0.00,0.00
5409,40.00,0.00,0.00
5411,40.00,0.00,0.00
5415,40.00,0.00,0.00
5417,40.00,0.00,0.00
5421,40.00,0.00,0.00
5423,40.00,0.00,0.00
5427,40.00,0.00,0.00
5430,40.00,0.00,0.00
5432,40.00,0.00,0.00
5436,40.00,0.00,0.00
5438,40.00,0.00,0.00
5442,40.00,0.00,0.00
5445,40.00,0.00,0.00
5448,40.00,0.00,0.00
5450,40.00,0.00,0.00
5454,40.00,0.00,0.00
5456,40.00,0.00,0.00
5460,40.00,0.00,0.00
5462,40.00,0.00,0.00
5466,40.00,0.00,0.00
5468,40.00,0.00,0.00
5472,40.00,0.00,0.00
5474,40.00,0.00,0.00
5478,40.00,0.00,0.00
5480,40.00,0.00,0.00
5484,40.00,0.00,0.00
5486,40.00,0.00,0.00
5490,40.00,0.00,0.00
5492,40.00,0.00,0.00
5496,40.00,0.00,0.00
5499,40.00,0.00,0.00
5502,40.00,0.00,0.00
5505,40.00,0.00,0.00
5508,40.00,0.00,0.00
5510,40.00,0.00,0.00
5514,40.00,0.00,0.00
5516,40.00,0.00,0.00
5520,40.00,0.00,0.00
5522,40.00,0.00,0.00
5526,40.00,0.00,0.00
5529,40.00,0.00,0.00
5532,40.00,0.00,0.00
5535,40.00,0.00,0.00
5538,40.00,0.00,0.00
5541,40.00,0.00,0.00
5543,40.00,0.00,0.00
5547,40.00,0.00,0.00
5549,40.00,0.00,0.00
5553,40.00,0.00,0.00
5555,40.00,0.00,0.00
5559,40.00,0.00,0.00
5562,40.00,0.00,0.00
5565,40.00,0.00,0.00
5568,40.00,0.00,0.00
5571,40.00,0.00,0.00
5574,40.00,0.00,0.00
5576,40.00,0.00,0.00
5580,40.00,0.00,0.00
5583,40.00,0.00,0.00
5585,40.00,0.00,0.00
5589,40.00,0.00,0.00
5591,40.00,0.00,0.00
5595,40.00,0.00,0.00
5598,40.00,0.00,0.00
5600,40.00,0.00,0.00
5604,40.00,0.00,0.00
5606,40.00,0.00,0.00
5610,40.00,0.00,0.00
5612,40.00,0.00,0.00
5616,40.00,0.00,0.00
5618,40.00,0.00,0.00
5622,40.00,0.00,0.00
5624,40.00,0.00,0.00
5628,40.00,0.00,0.00
5630,40.00,0.00,0.00
5634,40.00,0.00,0.00
5636,40.00,0.00,0.00
5640,40.00,0.00,0.00
5642,40.00,0.00,0.00
5646,40.00,0.00,0.00
5649,40.00,0.00,0.00
5651,40.00,0.00,0.00
5655,40.00,0.00,0.00
5657,40.00,0.00,0.00
5661,40.00,0.00,0.00
5663,40.00,0.00,0.00
5667,40.00,0.00,0.00
5669,40.00,0.00,0.00
5673,40.00,0.00,0.00
5675,40.00,0.00,0.00
5679,40.00,0.00,0.00
5682,40.00,0.00,0.00
5685,40.00,0.00,0.00
5688,40.00,0.00,0.00
5691,40.00,0.00,0.00
5693,40.00,0.00,0.00
5697,40.00,0.00,0.00
5699,40.00,0.00,0.00
5703,40.00,0.00,0.00
5705,40.00,0.00,0.00
5709,40.00,0.00,0.00
5711,40.00,0.00,0.00
5715,40.00,0.00,0.00
5718,40.00,0.00,0.00
5720,40.00,0.00,0.00
5724,40.00,0.00,0.00
5726,40.00,0.00,0.00
5730,40.00,0.00,0.00
5733,40.00,0.00,0.00
5736,40.00,0.00,0.00
5739,40.00,0.00,0.00
5741,40.00,0.00,0.00
5745,40.00,0.00,0.00
5747,40.00,0.00,0.00
5751,40.00,0.00,0.00
5754,40.00,0.00,0.00
5756,40.00,0.00,0.00
5760,40.00,0.00,0.00
5762,40.00,0.00,0.00
5766,40.00,0.00,0.00
5768,40.00,0.00,0.00
5771,40.00,0.00,0.00
5775,40.00,0.00,0.00
5777,40.00,0.00,0.00
5781,40.00,0.00,0.00
5783,40.00,0.00,0.00
5787,40.00,0.00,0.00
5789,40.00,0.00,0.00
5792,40.00,0.00,0.00
5796,40.00,0.00,0.00
5798,40.00,0.00,0.00
5802,40.00,0.00,0.00
5804,40.00,0.00,0.00
5808,40.00,0.00,0.00
5810,40.00,0.00,0.00
5814,40.00,0.00,0.00
5816,40.00,0.00,0.00
5820,40.00,0.00,0.00
5822,40.00,0.00,0.00
5826,40.00,0.00,0.00
5828,40.00,0.00,0.00
5832,40.00,0.00,0.00
5834,40.00,0.00,0.00
5838,40.00,0.00,0.00
5840,40.00,0.00,0.00
5844,40.00,0.00,0.00
5846,40.00,0.00,0.00
5850,40.00,0.00,0.00
5852,40.00,0.00,0.00
5856,40.00,0.00,0.00
5858,40.00,0.00,0.00
5862,40.00,0.00,0.00
5864,40.00,0.00,0.00
5868,40.00,0.00,0.00
5870,40.00,0.00,0.00
5874,40.00,0.00,0.00
5876,40.00,0.00,0.00
5880,40.00,0.00,0.00
5882,40.00,0.00,0.00
5886,40.00,0.00,0.00
5888,40.00,0.00,0.00
5892,40.00,0.00,0.00
5894,40.00,0.00,0.00
5898,40.00,0.00,0.00
5901,40.00,0.00,0.00
5903,40.00,0.00,0.00
5906,40.00,0.00,0.00
5910,40.00,0.00,0.00
5913,40.00,0.00,0.00
5916,40.00,0.00,0.00
5919,40.00,0.00,0.00
5921,40.00,0.00,0.00
5925,40.00,0.00,0.00
5927,40.00,0.00,0.00
5931,40.00,0.00,0.00
5933,40.00,0.00,0.00
5937,40.00,0.00,0.00
5940,40.00,0.00,0.00
5943,40.00,0.00,0.00
5946,40.00,0.00,0.00
5948,40.00,0.00,0.00
5952,40.00,0.00,0.00
5954,40.00,0.00,0.00
5958,40.00,0.00,0.00
5960,40.00,0.00,0.00
5964,40.00,0.00,0.00
5966,40.00,0.00,0.00
5970,40.00,0.00,0.00
5973,40.00,0.00,0.00
5975,40.00,0.00,0.00
5979,40.00,0.00,0.00
5982,40.00,0.00,0.00
5985,40.00,0.00,0.00
5988,40.00,0.00,0.00
5990,40.00,0.00,0.00
5994,40.00,0.00,0.00
5997,40.00,0.00,0.00
6000,40.00,0.00,0.00
6003,40.00,0.00,0.00
6005,40.00,0.00,0.00
6009,40.00,0.00,0.00
6011,40.00,0.00,0.00
6015,40.00,0.00,0.00
6017,40.00,0.00,0.00
6021,40.00,0.00,0.00
6023,40.00,0.00,0.00
6027,40.00,0.00,0.00
6029,40.00,0.00,0.00
6033,40.00,0.00,0.00
6036,40.00,0.00,0.00
6038,40.00,0.00,0.00
6042,40.00,0.00,0.00
6044,40.00,0.00,0.00
6048,40.00,0.00,0.00
6050,40.00,0.00,0.00
6054,40.00,0.00,0.00
6056,40.00,0.00,0.00
6060,40.00,0.00,0.00
6063,40.00,0.00,0.00
6065,40.00,0.00,0.00
6069,40.00,0.00,0.00
6072,40.00,0.00,0.00
6075,40.00,0.00,0.00
6078,40.00,0.00,0.00
6080,40.00,0.00,0.00
6084,40.00,0.00,0.00
6086,40.00,0.00,0.00
6090,40.00,0.00,0.00
6092,40.00,0.00,0.00
6096,40.00,0.00,0.00
6098,40.00,0.00,0.00
6102,40.00,0.00,0.00
6104,40.00,0.00,0.00
6108,40.00,0.00,0.00
6110,40.00,0.00,0.00
6114,40.00,0.00,0.00
6117,40.00,0.00,0.00
6120,40.00,0.00,0.00
6123,40.00,0.00,0.00
6125,40.00,0.00,0.00
6129,40.00,0.00,0.00
6131,40.00,0.00,0.00
6135,40.00,0.00,0.00
6137,40.00,0.00,0.00
6141,40.00,0.00,0.00
6143,40.00,0.00,0.00
6147,40.00,0.00,0.00
6150,40.00,0.00,0.00
6152,40.00,0.00,0.00
6156,40.00,0.00,0.00
6158,40.00,0.00,0.00
6162,40.00,0.00,0.00
6165,40.00,0.00,0.00
6167,40.00,0.00,0.00
6171,40.00,0.00,0.00
6173,40.00,0.00,0.00
6177,40.00,0.00,0.00
6179,40.00,0.00,0.00
6183,40.00,0.00,0.00
6186,40.00,0.00,0.00
6189,40.00,0.00,0.00
6192,40.00,0.00,0.00
6194,40.00,0.00,0.00
6198,40.00,0.00,0.00
6201,40.00,0.00,0.00
6203,40.00,0.00,0.00
6207,40.00,0.00,0.00
6209,40.00,0.00,0.00
6213,40.00,0.00,0.00
6216,40.00,0.00,0.00
6218,40.00,0.00,0.00
6222,40.00,0.00,0.00
6225,40.00,0.00,0.00
6227,40.00,0.00,0.00
6231,40.00,0.00,0.00
6233,40.00,0.00,0.00
6237,40.00,0.00,0.00
6240,40.00,0.00,0.00
6242,40.00,0.00,0.00
6246,40.00,0.00,0.00
6249,40.00,0.00,0.00
6252,40.00,0.00,0.00
6255,40.00,0.00,0.00
6257,40.00,0.00,0.00
6261,40.00,0.00,0.00
6264,40.00,0.00,0.00
6266,40.00,0.00,0.00
6269,40.00,0.00,0.00
6273,40.00,0.00,0.00
6276,40.00,0.00,0.00
6279,40.00,0.00,0.00
6282,40.00,0.00,0.00
6284,40.00,0.00,0.00
6288,40.00,0.00,0.00
6291,40.00,0.00,0.00
6293,40.00,0.00,0.00
6297,40.00,0.00,0.00
6299,40.00,0.00,0.00
6303,40.00,0.00,0.00
6306,40.00,0.00,0.00
6308,40.00,0.00,0.00
6312,40.00,0.00,0.00
6315,40.00,0.00,0.00
6318,40.00,0.00,0.00
6320,40.00,0.00,0.00
6323,40.00,0.00,0.00
6327,40.00,0.00,0.00
6330,40.00,0.00,0.00
6333,40.00,0.00,0.00
6336,40.00,0.00,0.00
6338,40.00,0.00,0.00
6342,40.00,0.00,0.00
6345,40.00,0.00,0.00
6347,40.00,0.00,0.00
6351,40.00,0.00,0.00
6354,40.00,0.00,0.00
6357,40.00,0.00,0.00
6359,40.00,0.00,0.00
6363,40.00,0.00,0.00
6366,40.00,0.00,0.00
6369,40.00,0.00,0.00
6372,40.00,0.00,0.00
6374,40.00,0.00,0.00
6378,40.00,0.00,0.00
6381,40.00,0.00,0.00
6383,40.00,0.00,0.00
6387,40.00,0.00,0.00
6390,40.00,0.00,0.00
6393,40.00,0.00,0.00
6395,40.00,0.00,0.00
6398,40.00,0.00,0.00
6401,40.00,0.00,0.00
6405,40.00,0.00,0.00
6407,40.00,0.00,0.00
6410,40.00,0.00,0.00
6414,40.00,0.00,0.00
6417,40.00,0.00,0.00
6419,40.00,0.00,0.00
6422,40.00,0.00,0.00
6426,40.00,0.00,0.00
6428,40.00,0.00,0.00
6431,40.00,0.00,0.00
6435,40.00,0.00,0.00
6437,40.00,0.00,0.00
6441,40.00,0.00,0.00
6444,40.00,0.00,0.00
6446,40.00,0.00,0.00
6450,40.00,0.00,0.00
6452,40.00,0.00,0.00
6455,40.00,0.00,0.00
6459,40.00,0.00,0.00
6461,40.00,0.00,0.00
6465,40.00,0.00,0.00
6468,40.00,0.00,0.00
6470,40.00,0.00,0.00
6474,40.00,0.00,0.00
6476,40.00,0.00,0.00
6479,40.00,0.00,0.00
6483,40.00,0.00,0.00
6485,40.00,0.00,0.00
6488,40.00,0.00,0.00
6492,40.00,0.00,0.00
6494,40.00,0.00,0.00
6497,40.00,0.00,0.00
6501,40.00,0.00,0.00
6503,40.00,0.00,0.00
6507,40.00,0.00,0.00
6509,40.00,0.00,0.00
6512,40.00,0.00,0.00
6516,40.00,0.00,0.00
6518,40.00,0.00,0.00
6522,40.00,0.00,0.00
6524,40.00,0.00,0.00
6528,40.00,0.00,0.00
6531,40.00,0.00,0.00
6533,40.00,0.00,0.00
6537,40.00,0.00,0.00
6539,40.00,0.00,0.00
6543,40.00,0.00,0.00
6545,40.00,0.00,0.00
6549,40.00,0.00,0.00
6552,40.00,0.00,0.00
6554,40.00,0.00,0.00
6558,40.00,0.00,0.00
6560,40.00,0.00,0.00
6564,40.00,0.00,0.00
6566,40.00,0.00,0.00
6570,40.00,0.00,0.00
6573,40.00,0.00,0.00
6575,40.00,0.00,0.00
6579,40.00,0.00,0.00
6581,40.00,0.00,0.00
6585,40.00,0.00,0.00
6588,40.00,0.00,0.00
6590,40.00,0.00,0.00
6594,40.00,0.00,0.00
6596,40.00,0.00,0.00
6600,40.00,0.00,0.00
6602,40.00,0.00,0.00
6606,40.00,0.00,0.00
6609,40.00,0.00,0.00
6611,40.00,0.00,0.00
6615,40.00,0.00,0.00
6617,40.00,0.00,0.00
6621,40.00,0.00,0.00
6623,40.00,0.00,0.00
6627,40.00,0.00,0.00
6629,40.00,0.00,0.00
6633,40.00,0.00,0.00
6635,40.00,0.00,0.00
6639,40.00,0.00,0.00
6641,40.00,0.00,0.00
6645,40.00,0.00,0.00
6647,40.00,0.00,0.00
6651,40.00,0.00,0.00
6653,40.00,0.00,0.00
6656,40.00,0.00,0.00
6660,40.00,0.00,0.00
6662,40.00,0.00,0.00
6666,40.00,0.00,0.00
6668,40.00,0.00,0.00
6672,40.00,0.00,0.00
6674,40.00,0.00,0.00
6678,40.00,0.00,0.00
6680,40.00,0.00,0.00
6684,40.00,0.00,0.00
6686,40.00,0.00,0.00
6690,40.00,0.00,0.00
6692,40.00,0.00,0.00
6696,40.00,0.00,0.00
6698,40.00,0.00,0.00
6702,40.00,0.00,0.00
6704,40.00,0.00,0.00
6708,40.00,0.00,0.00
6710,40.00,0.00,0.00
6714,40.00,0.00,0.00
6716,40.00,0.00,0.00
6720,40.00,0.00,0.00
6722,40.00,0.00,0.00
6726,40.00,0.00,0.00
6728,40.00,0.00,0.00
6732,40.00,0.00,0.00
6734,40.00,0.00,0.00
6738,40.00,0.00,0.00
6740,40.00,0.00,0.00
6744,40.00,0.00,0.00
6746,40.00,0.00,0.00
6750,40.00,0.00,0.00
6752,40.00,0.00,0.00
6756,40.00,0.00,0.00
6758,40.00,0.00,0.00
6762,40.00,0.00,0.00
6764,40.00,0.00,0.00
6768,40.00,0.00,0.00
6770,40.00,0.00,0.00
6774,40.00,0.00,0.00
6777,40.00,0.00,0.00
6779,40.00,0.00,0.00
6783,40.00,0.00,0.00
6786,40.00,0.00,0.00
6789,40.00,0.00,0.00
6792,40.00,0.00,0.00
6794,40.00,0.00,0.00
6797,40.00,0.00,0.00
6801,40.00,0.00,0.00
6803,40.00,0.00,0.00
6807,40.00,0.00,0.00
6809,40.00,0.00,0.00
6812,40.00,0.00,0.00
6816,40.00,0.00,0.00
6818,40.00,0.00,0.00
6822,40.00,0.00,0.00
6825,40.00,0.00,0.00
6828,40.00,0.00,0.00
6831,40.00,0.00,0.00
6834,40.00,0.00,0.00
6837,40.00,0.00,0.00
6840,40.00,0.00,0.00
6842,40.00,0.00,0.00
6846,40.00,0.00,0.00
6848,40.00,0.00,0.00
6852,40.00,0.00,0.00
6854,40.00,0.00,0.00
6858,40.00,0.00,0.00
6860,40.00,0.00,0.00
6864,40.00,0.00,0.00
6866,40.00,0.00,0.00
6870,40.00,0.00,0.00
6872,40.00,0.00,0.00
6876,40.00,0.00,0.00
6878,40.00,0.00,0.00
6882,40.00,0.00,0.00
6884,40.00,0.00,0.00
6888,40.00,0.00,0.00
6890,40.00,0.00,0.00
6894,40.00,0.00,0.00
6896,40.00,0.00,0.00
6900,40.00,0.00,0.00
6902,40.00,0.00,0.00
6906,40.00,0.00,0.00
6909,40.00,0.00,0.00
6912,40.00,0.00,0.00
6914,40.00,0.00,0.00
6918,40.00,0.00,0.00
6920,40.00,0.00,0.00
6924,40.00,0.00,0.00
6926,40.00,0.00,0.00
6930,40.00,0.00,0.00
6932,40.00,0.00,0.00
6936,40.00,0.00,0.00
6938,40.00,0.00,0.00
6942,40.00,0.00,0.00
6945,40.00,0.00,0.00
6948,40.00,0.00,0.00
6951,40.00,0.00,0.00
6953,40.00,0.00,0.00
6957,40.00,0.00,0.00
6959,40.00,0.00,0.00
6963,40.00,0.00,0.00
6966,40.00,0.00,0.00
6968,40.00,0.00,0.00
6972,40.00,0.00,0.00
6974,40.00,0.00,0.00
6978,40.00,0.00,0.00
6980,40.00,0.00,0.00
6984,40.00,0.00,0.00
6986,40.00,0.00,0.00
6990,40.00,0.00,0.00
6993,40.00,0.00,0.00
6995,40.00,0.00,0.00
6999,40.00,0.00,0.00
7002,40.00,0.00,0.00
7005,40.00,0.00,0.00
7008,40.00,0.00,0.00
7010,40.00,0.00,0.00
7014,40.00,0.00,0.00
7017,40.00,0.00,0.00
7020,40.00,0.00,0.00
7023,40.00,0.00,0.00
7025,40.00,0.00,0.00
7029,40.00,0.00,0.00
7032,40.00,0.00,0.00
7034,40.00,0.00,0.00
Control law: P
8644,60.00,0.00,0.00
8646,60.00,0.00,0.00
8649,60.00,0.00,0.00
8653,60.00,0.00,0.00
8655,60.00,0.00,0.00
8659,60.00,0.00,0.00
8661,60.00,0.00,0.00
8665,60.00,0.00,0.00
8668,60.00,0.00,0.00
8671,60.00,0.00,0.00
8674,60.00,0.00,0.00
8676,60.00,0.00,0.00
8680,60.00,0.00,0.00
8682,60.00,0.00,0.00
8686,60.00,0.00,0.00
8689,60.00,0.00,0.00
8692,60.00,0.00,0.00
8695,60.00,0.00,0.00
8698,60.00,0.00,0.00
8701,60.00,0.00,0.00
8703,60.00,0.00,0.00
8707,60.00,0.00,0.00
8710,60.00,0.00,0.00
8712,60.00,0.00,0.00
8716,60.00,0.00,0.00
8719,60.00,0.00,0.00
8721,60.00,0.00,0.00
8725,60.00,0.00,0.00
8728,60.00,0.00,0.00
8730,60.00,0.00,0.00
8734,60.00,0.00,0.00
8737,60.00,0.00,0.00
8739,60.00,0.00,0.00
8743,60.00,0.00,0.00
8746,60.00,0.00,0.00
8749,60.00,0.00,0.00
8752,60.00,0.00,0.00
8755,60.00,0.00,0.00
8758,60.00,0.00,0.00
8761,60.00,0.00,0.00
8763,60.00,0.00,0.00
8767,60.00,0.00,0.00
8770,60.00,0.00,0.00
8772,60.00,0.00,0.00
8776,60.00,0.00,0.00
8779,60.00,0.00,0.00
8782,60.00,0.00,0.00
8785,60.00,0.00,0.00
8788,60.00,0.00,0.00
8791,60.00,0.00,0.00
8793,60.00,0.00,0.00
8797,60.00,0.00,0.00
8800,60.00,0.00,0.00
8803,60.00,0.00,0.00
8805,60.00,0.00,0.00
8809,60.00,0.00,0.00
8811,60.00,0.00,0.00
8815,60.00,0.00,0.00
8817,60.00,0.00,0.00
8821,60.00,0.00,0.00
8824,60.00,0.00,0.00
8827,60.00,0.00,0.00
8830,60.00,0.00,0.00
8833,60.00,0.00,0.00
8836,60.00,0.00,0.00
8838,60.00,0.00,0.00
8842,60.00,0.00,0.00
8845,60.00,0.00,0.00
8847,60.00,0.00,0.00
8851,60.00,0.00,0.00
8853,60.00,0.00,0.00
8857,60.00,0.00,0.00
8860,60.00,0.00,0.00
8862,60.00,0.00,0.00
8866,60.00,0.00,0.00
8869,60.00,0.00,0.00
8872,60.00,0.00,0.00
8875,60.00,0.00,0.00
8878,60.00,0.00,0.00
8881,60.00,0.00,0.00
8884,60.00,0.00,0.00
8886,60.00,0.00,0.00
8890,60.00,0.00,0.00
8892,60.00,0.00,0.00
8896,60.00,0.00,0.00
8899,60.00,0.00,0.00
8902,60.00,0.00,0.00
8905,60.00,0.00,0.00
8907,60.00,0.00,0.00
8911,60.00,0.00,0.00
8914,60.00,0.00,0.00
8917,60.00,0.00,0.00
8920,60.00,0.00,0.00
8923,60.00,0.00,0.00
8925,60.00,0.00,0.00
8929,60.00,0.00,0.00
8932,60.00,0.00,0.00
8934,60.00,0.00,0.00
8938,60.00,0.00,0.00
8941,60.00,0.00,0.00
8944,60.00,0.00,0.00
8947,60.00,0.00,0.00
8950,60.00,0.00,0.00
8953,60.00,0.00,0.00
8955,60.00,0.00,0.00
8958,60.00,0.00,0.00
8962,60.00,0.00,0.00
8965,60.00,0.00,0.00
8967,60.00,0.00,0.00
8971,60.00,0.00,0.00
8974,60.00,0.00,0.00
8977,60.00,0.00,0.00
8980,60.00,0.00,0.00
8983,60.00,0.00,0.00
8986,60.00,0.00,0.00
8989,60.00,0.00,0.00
8992,60.00,0.00,0.00
8995,60.00,0.00,0.00
8998,60.00,0.00,0.00
9001,60.00,0.00,0.00
9003,60.00,0.00,0.00
9007,60.00,0.00,0.00
9009,60.00,0.00,0.00
9013,60.00,0.00,0.00
9016,60.00,0.00,0.00
9019,60.00,0.00,0.00
9022,60.00,0.00,0.00
9024,60.00,0.00,0.00
9028,60.00,0.00,0.00
9031,60.00,0.00,0.00
9033,60.00,0.00,0.00
9037,60.00,0.00,0.00
9040,60.00,0.00,0.00
9042,60.00,0.00,0.00
9046,60.00,0.00,0.00
9048,60.00,0.00,0.00
9052,60.00,0.00,0.00
9055,60.00,0.00,0.00
9057,60.00,0.00,0.00
9061,60.00,0.00,0.00
9063,60.00,0.00,0.00
9067,60.00,0.00,0.00
9070,60.00,0.00,0.00
9072,60.00,0.00,0.00
9076,60.00,0.00,0.00
9079,60.00,0.00,0.00
9081,60.00,0.00,0.00
9085,60.00,0.00,0.00
9087,60.00,0.00,0.00
9091,60.00,0.00,0.00
9094,60.00,0.00,0.00
9096,60.00,0.00,0.00
9100,60.00,0.00,0.00
9103,60.00,0.00,0.00
9106,60.00,0.00,0.00
9109,60.00,0.00,0.00
9112,60.00,0.00,0.00
9115,60.00,0.00,0.00
9118,60.00,0.00,0.00
9121,60.00,0.00,0.00
9124,60.00,0.00,0.00
9127,60.00,0.00,0.00
9130,60.00,0.00,0.00
9132,60.00,0.00,0.00
9136,60.00,0.00,0.00
9139,60.00,0.00,0.00
9141,60.00,0.00,0.00
9145,60.00,0.00,0.00
9148,60.00,0.00,0.00
9151,60.00,0.00,0.00
9154,60.00,0.00,0.00
9157,60.00,0.00,0.00
9159,60.00,0.00,0.00
9163,60.00,0.00,0.00
9166,60.00,0.00,0.00
9168,60.00,0.00,0.00
9172,60.00,0.00,0.00
9175,60.00,0.00,0.00
9178,60.00,0.00,0.00
9181,60.00,0.00,0.00
9184,60.00,0.00,0.00
9187,60.00,0.00,0.00
9190,60.00,0.00,0.00
9193,60.00,0.00,0.00
9196,60.00,0.00,0.00
9199,60.00,0.00,0.00
9201,60.00,0.00,0.00
9204,60.00,0.00,0.00
9208,60.00,0.00,0.00
9211,60.00,0.00,0.00
9214,60.00,0.00,0.00
9217,60.00,0.00,0.00
9219,60.00,0.00,0.00
9223,60.00,0.00,0.00
9226,60.00,0.00,0.00
9228,60.00,0.00,0.00
9232,60.00,0.00,0.00
9235,60.00,0.00,0.00
9237,60.00,0.00,0.00
9241,60.00,0.00,0.00
9244,60.00,0.00,0.00
9247,60.00,0.00,0.00
9250,60.00,0.00,0.00
9253,60.00,0.00,0.00
9256,60.00,0.00,0.00
9259,60.00,0.00,0.00
9262,60.00,0.00,0.00
9265,60.00,0.00,0.00
9267,60.00,0.00,0.00
9271,60.00,0.00,0.00
9274,60.00,0.00,0.00
9277,60.00,0.00,0.00
9279,60.00,0.00,0.00
9283,60.00,0.00,0.00
9286,60.00,0.00,0.00
9289,60.00,0.00,0.00
9292,60.00,0.00,0.00
9295,60.00,0.00,0.00
9297,60.00,0.00,0.00
9301,60.00,0.00,0.00
9303,60.00,0.00,0.00
9307,60.00,0.00,0.00
9310,60.00,0.00,0.00
9312,60.00,0.00,0.00
9316,60.00,0.00,0.00
9319,60.00,0.00,0.00
9322,60.00,0.00,0.00
9325,60.00,0.00,0.00
9328,60.00,0.00,0.00
9330,60.00,0.00,0.00
9334,60.00,0.00,0.00
9337,60.00,0.00,0.00
9340,60.00,0.00,0.00
9343,60.00,0.00,0.00
9346,60.00,0.00,0.00
9348,60.00,0.00,0.00
9352,60.00,0.00,0.00
9355,60.00,0.00,0.00
9358,60.00,0.00,0.00
9360,60.00,0.00,0.00
9364,60.00,0.00,0.00
9367,60.00,0.00,0.00
9369,60.00,0.00,0.00
9373,60.00,0.00,0.00
9376,60.00,0.00,0.00
9378,60.00,0.00,0.00
9382,60.00,0.00,0.00
9385,60.00,0.00,0.00
9387,60.00,0.00,0.00
9391,60.00,0.00,0.00
9394,60.00,0.00,0.00
9397,60.00,0.00,0.00
9399,60.00,0.00,0.00
9403,60.00,0.00,0.00
9406,60.00,0.00,0.00
9408,60.00,0.00,0.00
9412,60.00,0.00,0.00
9415,60.00,0.00,0.00
9418,60.00,0.00,0.00
9420,60.00,0.00,0.00
9424,60.00,0.00,0.00
9427,60.00,0.00,0.00
9430,60.00,0.00,0.00
9433,60.00,0.00,0.00
9436,60.00,0.00,0.00
9438,60.00,0.00,0.00
9442,60.00,0.00,0.00
9445,60.00,0.00,0.00
9448,60.00,0.00,0.00
9451,60.00,0.00,0.00
9454,60.00,0.00,0.00
9457,60.00,0.00,0.00
9460,60.00,0.00,0.00
9462,60.00,0.00,0.00
9465,60.00,0.00,0.00
9469,60.00,0.00,0.00
9472,60.00,0.00,0.00
9475,60.00,0.00,0.00
9477,60.00,0.00,0.00
9481,60.00,0.00,0.00
9484,60.00,0.00,0.00
9487,60.00,0.00,0.00
9489,60.00,0.00,0.00
9493,60.00,0.00,0.00
9496,60.00,0.00,0.00
9499,60.00,0.00,0.00
9501,60.00,0.00,0.00
9505,60.00,0.00,0.00
9508,60.00,0.00,0.00
9511,60.00,0.00,0.00
9514,60.00,0.00,0.00
9517,60.00,0.00,0.00
9519,60.00,0.00,0.00
9523,60.00,0.00,0.00
9525,60.00,0.00,0.00
9529,60.00,0.00,0.00
9532,60.00,0.00,0.00
9535,60.00,0.00,0.00
9538,60.00,0.00,0.00
9540,60.00,0.00,0.00
9544,60.00,0.00,0.00
9546,60.00,0.00,0.00
9550,60.00,0.00,0.00
9553,60.00,0.00,0.00
9556,60.00,0.00,0.00
9559,60.00,0.00,0.00
9562,60.00,0.00,0.00
9565,60.00,0.00,0.00
9567,60.00,0.00,0.00
9571,60.00,0.00,0.00
9574,60.00,0.00,0.00
9577,60.00,0.00,0.00
9580,60.00,0.00,0.00
9583,60.00,0.00,0.00
9586,60.00,0.00,0.00
9588,60.00,0.00,0.00
9592,60.00,0.00,0.00
9594,60.00,0.00,0.00
9597,60.00,0.00,0.00
9601,60.00,0.00,0.00
9603,60.00,0.00,0.00
9607,60.00,0.00,0.00
9609,60.00,0.00,0.00
9613,60.00,0.00,0.00
9615,60.00,0.00,0.00
9619,60.00,0.00,0.00
9621,60.00,0.00,0.00
9625,60.00,0.00,0.00
9627,60.00,0.00,0.00
9631,60.00,0.00,0.00
9633,60.00,0.00,0.00
9637,60.00,0.00,0.00
9640,60.00,0.00,0.00
9643,60.00,0.00,0.00
9646,60.00,0.00,0.00
9649,60.00,0.00,0.00
9652,60.00,0.00,0.00
9655,60.00,0.00,0.00
9658,60.00,0.00,0.00
9660,60.00,0.00,0.00
9664,60.00,0.00,0.00
9666,60.00,0.00,0.00
9670,60.00,0.00,0.00
9673,60.00,0.00,0.00
9676,60.00,0.00,0.00
9679,60.00,0.00,0.00
9682,60.00,0.00,0.00
9685,60.00,0.00,0.00
9687,60.00,0.00,0.00
9691,60.00,0.00,0.00
9694,60.00,0.00,0.00
9697,60.00,0.00,0.00
9700,60.00,0.00,0.00
9702,60.00,0.00,0.00
9706,60.00,0.00,0.00
9708,60.00,0.00,0.00
9712,60.00,0.00,0.00
9715,60.00,0.00,0.00
9717,60.00,0.00,0.00
9721,60.00,0.00,0.00
9724,60.00,0.00,0.00
9726,60.00,0.00,0.00
9730,60.00,0.00,0.00
9733,60.00,0.00,0.00
9736,60.00,0.00,0.00
9739,60.00,0.00,0.00
9741,60.00,0.00,0.00
9745,60.00,0.00,0.00
9748,60.00,0.00,0.00
9751,60.00,0.00,0.00
9754,60.00,0.00,0.00
9757,60.00,0.00,0.00
9760,60.00,0.00,0.00
9763,60.00,0.00,0.00
9766,60.00,0.00,0.00
9768,60.00,0.00,0.00
9772,60.00,0.00,0.00
9774,60.00,0.00,0.00
9778,60.00,0.00,0.00
9781,60.00,0.00,0.00
9784,60.00,0.00,0.00
9787,60.00,0.00,0.00
9789,60.00,0.00,0.00
9793,60.00,0.00,0.00
9796,60.00,0.00,0.00
9799,60.00,0.00,0.00
9802,60.00,0.00,0.00
9804,60.00,0.00,0.00
9808,60.00,0.00,0.00
9811,60.00,0.00,0.00
9814,60.00,0.00,0.00
9817,60.00,0.00,0.00
9819,60.00,0.00,0.00
9823,60.00,0.00,0.00
9826,60.00,0.00,0.00
9828,60.00,0.00,0.00
9832,60.00,0.00,0.00
9835,60.00,0.00,0.00
9837,60.00,0.00,0.00
9841,60.00,0.00,0.00
9844,60.00,0.00,0.00
9846,60.00,0.00,0.00
9850,60.00,0.00,0.00
9852,60.00,0.00,0.00
9856,60.00,0.00,0.00
9859,60.00,0.00,0.00
9861,60.00,0.00,0.00
9865,60.00,0.00,0.00
9868,60.00,0.00,0.00
9870,60.00,0.00,0.00
9874,60.00,0.00,0.00
9877,60.00,0.00,0.00
9880,60.00,0.00,0.00
9883,60.00,0.00,0.00
9886,60.00,0.00,0.00
9888,60.00,0.00,0.00
9892,60.00,0.00,0.00
9895,60.00,0.00,0.00
9898,60.00,0.00,0.00
9901,60.00,0.00,0.00
9904,60.00,0.00,0.00
9907,60.00,0.00,0.00
9909,60.00,0.00,0.00
9913,60.00,0.00,0.00
9915,60.00,0.00,0.00
9919,60.00,0.00,0.00
9921,60.00,0.00,0.00
9924,60.00,0.00,0.00
9928,60.00,0.00,0.00
9931,60.00,0.00,0.00
9934,60.00,0.00,0.00
9937,60.00,0.00,0.00
9939,60.00,0.00,0.00
9943,60.00,0.00,0.00
9946,60.00,0.00,0.00
9949,60.00,0.00,0.00
9952,60.00,0.00,0.00
9955,60.00,0.00,0.00
9958,60.00,0.00,0.00
9961,60.00,0.00,0.00
9964,60.00,0.00,0.00
9967,60.00,0.00,0.00
9970,60.00,0.00,0.00
9973,60.00,0.00,0.00
9976,60.00,0.00,0.00
9979,60.00,0.00,0.00
9982,60.00,0.00,0.00
9985,60.00,0.00,0.00
9987,60.00,0.00,0.00
9991,60.00,0.00,0.00
9994,60.00,0.00,0.00
9997,60.00,0.00,0.00
9999,60.00,0.00,0.00
10003,60.00,0.00,0.00
10006,60.00,0.00,0.00
10009,60.00,0.00,0.00
10012,60.00,0.00,0.00
10015,60.00,0.00,0.00
10017,60.00,0.00,0.00
10020,60.00,0.00,0.00
10023,60.00,0.00,0.00
10026,60.00,0.00,0.00
10029,60.00,0.00,0.00
10032,60.00,0.00,0.00
10035,60.00,0.00,0.00
10038,60.00,0.00,0.00
10042,60.00,0.00,0.00
10045,60.00,0.00,0.00
10048,60.00,0.00,0.00
10050,60.00,0.00,0.00
10053,60.00,0.00,0.00
10056,60.00,0.00,0.00
10059,60.00,0.00,0.00
10062,60.00,0.00,0.00
10065,60.00,0.00,0.00
10068,60.00,0.00,0.00
10072,60.00,0.00,0.00
10074,60.00,0.00,0.00
10077,60.00,0.00,0.00
10080,60.00,0.00,0.00
10083,60.00,0.00,0.00
10086,60.00,0.00,0.00
10089,60.00,0.00,0.00
10092,60.00,0.00,0.00
10095,60.00,0.00,0.00
10098,60.00,0.00,0.00
10101,60.00,0.00,0.00
10105,60.00,0.00,0.00
10107,60.00,0.00,0.00
10110,60.00,0.00,0.00
10113,60.00,0.00,0.00
10116,60.00,0.00,0.00
10119,60.00,0.00,0.00
10123,60.00,0.00,0.00
10126,60.00,0.00,0.00
10128,60.00,0.00,0.00
10131,60.00,0.00,0.00
10134,60.00,0.00,0.00
10137,60.00,0.00,0.00
10141,60.00,0.00,0.00
10144,60.00,0.00,0.00
10146,60.00,0.00,0.00
10149,60.00,0.00,0.00
10152,60.00,0.00,0.00
10155,60.00,0.00,0.00
10159,60.00,0.00,0.00
10161,60.00,0.00,0.00
10164,60.00,0.00,0.00
10167,60.00,0.00,0.00
10170,60.00,0.00,0.00
10174,60.00,0.00,0.00
10176,60.00,0.00,0.00
10179,60.00,0.00,0.00
10182,60.00,0.00,0.00
10185,60.00,0.00,0.00
10189,60.00,0.00,0.00
10192,60.00,0.00,0.00
10194,60.00,0.00,0.00
10197,60.00,0.00,0.00
10200,60.00,0.00,0.00
10204,60.00,0.00,0.00
10207,60.00,0.00,0.00
10209,60.00,0.00,0.00
10212,60.00,0.00,0.00
10215,60.00,0.00,0.00
10219,60.00,0.00,0.00
10222,60.00,0.00,0.00
10224,60.00,0.00,0.00
10227,60.00,0.00,0.00
10231,60.00,0.00,0.00
10234,60.00,0.00,0.00
10236,60.00,0.00,0.00
10239,60.00,0.00,0.00
10243,60.00,0.00,0.00
10246,60.00,0.00,0.00
10248,60.00,0.00,0.00
10251,60.00,0.00,0.00
10255,60.00,0.00,0.00
10257,60.00,0.00,0.00
10260,60.00,0.00,0.00
10263,60.00,0.00,0.00
10266,60.00,0.00,0.00
10270,60.00,0.00,0.00
10272,60.00,0.00,0.00
10275,60.00,0.00,0.00
10278,60.00,0.00,0.00
10281,60.00,0.00,0.00
10284,60.00,0.00,0.00
10288,60.00,0.00,0.00
10290,60.00,0.00,0.00
10293,60.00,0.00,0.00
10296,60.00,0.00,0.00
10299,60.00,0.00,0.00
10302,60.00,0.00,0.00
10305,60.00,0.00,0.00
10308,60.00,0.00,0.00
10311,60.00,0.00,0.00
10314,60.00,0.00,0.00
10317,60.00,0.00,0.00
10320,60.00,0.00,0.00
10323,60.00,0.00,0.00
10327,60.00,0.00,0.00
10329,60.00,0.00,0.00
10332,60.00,0.00,0.00
10335,60.00,0.00,0.00
10338,60.00,0.00,0.00
10341,60.00,0.00,0.00
10344,60.00,0.00,0.00
10347,60.00,0.00,0.00
10350,60.00,0.00,0.00
10353,60.00,0.00,0.00
10356,60.00,0.00,0.00
10359,60.00,0.00,0.00
10362,60.00,0.00,0.00
10365,60.00,0.00,0.00
10368,60.00,0.00,0.00
10371,60.00,0.00,0.00
10374,60.00,0.00,0.00
10377,60.00,0.00,0.00
10380,60.00,0.00,0.00
10383,60.00,0.00,0.00
10386,60.00,0.00,0.00
10389,60.00,0.00,0.00
10392,60.00,0.00,0.00
10395,60.00,0.00,0.00
10398,60.00,0.00,0.00
10401,60.00,0.00,0.00
10404,60.00,0.00,0.00
10407,60.00,0.00,0.00
10410,60.00,0.00,0.00
10414,60.00,0.00,0.00
10416,60.00,0.00,0.00
10419,60.00,0.00,0.00
10422,60.00,0.00,0.00
10425,60.00,0.00,0.00
10429,60.00,0.00,0.00
10431,60.00,0.00,0.00
10434,60.00,0.00,0.00
10437,60.00,0.00,0.00
10440,60.00,0.00,0.00
10443,60.00,0.00,0.00
10447,60.00,0.00,0.00
10449,60.00,0.00,0.00
10452,60.00,0.00,0.00
10455,60.00,0.00,0.00
10458,60.00,0.00,0.00
10461,60.00,0.00,0.00
10465,60.00,0.00,0.00
10467,60.00,0.00,0.00
10470,60.00,0.00,0.00
10473,60.00,0.00,0.00
10476,60.00,0.00,0.00
10479,60.00,0.00,0.00
10482,60.00,0.00,0.00
10485,60.00,0.00,0.00
10488,60.00,0.00,0.00
10492,60.00,0.00,0.00
10494,60.00,0.00,0.00
10497,60.00,0.00,0.00
10500,60.00,0.00,0.00
10503,60.00,0.00,0.00
10506,60.00,0.00,0.00
10509,60.00,0.00,0.00
10512,60.00,0.00,0.00
10515,60.00,0.00,0.00
10518,60.00,0.00,0.00
10521,60.00,0.00,0.00
10524,60.00,0.00,0.00
10527,60.00,0.00,0.00
10530,60.00,0.00,0.00
10533,60.00,0.00,0.00
10536,60.00,0.00,0.00
10539,60.00,0.00,0.00
10542,60.00,0.00,0.00
10545,60.00,0.00,0.00
10548,60.00,0.00,0.00
10551,60.00,0.00,0.00
10554,60.00,0.00,0.00
10557,60.00,0.00,0.00
10560,60.00,0.00,0.00
10563,60.00,0.00,0.00
10566,60.00,0.00,0.00
10569,60.00,0.00,0.00
10572,60.00,0.00,0.00
10576,60.00,0.00,0.00
10578,60.00,0.00,0.00
10581,60.00,0.00,0.00
10584,60.00,0.00,0.00
10587,60.00,0.00,0.00
10590,60.00,0.00,0.00
10593,60.00,0.00,0.00
10596,60.00,0.00,0.00
10599,60.00,0.00,0.00
10602,60.00,0.00,0.00
10606,60.00,0.00,0.00
10608,60.00,0.00,0.00
10611,60.00,0.00,0.00
10614,60.00,0.00,0.00
10617,60.00,0.00,0.00
10620,60.00,0.00,0.00
10623,60.00,0.00,0.00
10626,60.00,0.00,0.00
10629,60.00,0.00,0.00
10632,60.00,0.00,0.00
10635,60.00,0.00,0.00
10638,60.00,0.00,0.00
10641,60.00,0.00,0.00
10644,60.00,0.00,0.00
10647,60.00,0.00,0.00
10650,60.00,0.00,0.00
10653,60.00,0.00,0.00
10656,60.00,0.00,0.00
10660,60.00,0.00,0.00
10662,60.00,0.00,0.00
10665,60.00,0.00,0.00
10668,60.00,0.00,0.00
10671,60.00,0.00,0.00
10674,60.00,0.00,0.00
10677,60.00,0.00,0.00
10680,60.00,0.00,0.00
10683,60.00,0.00,0.00
10686,60.00,0.00,0.00
10689,60.00,0.00,0.00
10692,60.00,0.00,0.00
10695,60.00,0.00,0.00
10698,60.00,0.00,0.00
10701,60.00,0.00,0.00
10704,60.00,0.00,0.00
10707,60.00,0.00,0.00
10710,60.00,0.00,0.00
10714,60.00,0.00,0.00
10717,60.00,0.00,0.00
10719,60.00,0.00,0.00
10722,60.00,0.00,0.00
10725,60.00,0.00,0.00
10728,60.00,0.00,0.00
10731,60.00,0.00,0.00
10734,60.00,0.00,0.00
10737,60.00,0.00,0.00
10740,60.00,0.00,0.00
10743,60.00,0.00,0.00
10746,60.00,0.00,0.00
10749,60.00,0.00,0.00
10752,60.00,0.00,0.00
10755,60.00,0.00,0.00
10758,60.00,0.00,0.00
10761,60.00,0.00,0.00
10764,60.00,0.00,0.00
10767,60.00,0.00,0.00
10770,60.00,0.00,0.00
10773,60.00,0.00,0.00
10776,60.00,0.00,0.00
10780,60.00,0.00,0.00
10783,60.00,0.00,0.00
10785,60.00,0.00,0.00
10788,60.00,0.00,0.00
10791,60.00,0.00,0.00
10794,60.00,0.00,0.00
10797,60.00,0.00,0.00
10800,60.00,0.00,0.00
10803,60.00,0.00,0.00
10806,60.00,0.00,0.00
10809,60.00,0.00,0.00
10812,60.00,0.00,0.00
10815,60.00,0.00,0.00
10818,60.00,0.00,0.00
10821,60.00,0.00,0.00
10824,60.00,0.00,0.00
10827,60.00,0.00,0.00
10830,60.00,0.00,0.00
10833,60.00,0.00,0.00
10836,60.00,0.00,0.00
10839,60.00,0.00,0.00
10843,60.00,0.00,0.00
10846,60.00,0.00,0.00
10849,60.00,0.00,0.00
10852,60.00,0.00,0.00
10854,60.00,0.00,0.00
10857,60.00,0.00,0.00
10860,60.00,0.00,0.00
10863,60.00,0.00,0.00
10866,60.00,0.00,0.00
10869,60.00,0.00,0.00
10872,60.00,0.00,0.00
10875,60.00,0.00,0.00
10878,60.00,0.00,0.00
10882,60.00,0.00,0.00
10884,60.00,0.00,0.00
10887,60.00,0.00,0.00
10890,60.00,0.00,0.00
10893,60.00,0.00,0.00
10896,60.00,0.00,0.00
10899,60.00,0.00,0.00
10902,60.00,0.00,0.00
10905,60.00,0.00,0.00
10908,60.00,0.00,0.00
10911,60.00,0.00,0.00
10914,60.00,0.00,0.00
10917,60.00,0.00,0.00
10920,60.00,0.00,0.00
10923,60.00,0.00,0.00
10926,60.00,0.00,0.00
10929,60.00,0.00,0.00
10932,60.00,0.00,0.00
10935,60.00,0.00,0.00
10938,60.00,0.00,0.00
10941,60.00,0.00,0.00
10944,60.00,0.00,0.00
10947,60.00,0.00,0.00
10950,60.00,0.00,0.00
10953,60.00,0.00,0.00
10956,60.00,0.00,0.00
10959,60.00,0.00,0.00
10962,60.00,0.00,0.00
10965,60.00,0.00,0.00
10968,60.00,0.00,0.00
10971,60.00,0.00,0.00
10974,60.00,0.00,0.00
10977,60.00,0.00,0.00
10980,60.00,0.00,0.00
10983,60.00,0.00,0.00
10986,60.00,0.00,0.00
10989,60.00,0.00,0.00
10992,60.00,0.00,0.00
10995,60.00,0.00,0.00
10998,60.00,0.00,0.00
11002,60.00,0.00,0.00
11005,60.00,0.00,0.00
11008,60.00,0.00,0.00
11010,60.00,0.00,0.00
11013,60.00,0.00,0.00
11016,60.00,0.00,0.00
P Kp set to 60.00
13220,60.00,0.00,0.00
13222,60.00,0.00,0.00
13226,60.00,0.00,0.00
13228,60.00,0.00,0.00
13231,60.00,0.00,0.00
13234,60.00,0.00,0.00
13237,60.00,0.00,0.00
13240,60.00,0.00,0.00
13243,60.00,0.00,0.00
13246,60.00,0.00,0.00
13249,60.00,0.00,0.00
13252,60.00,0.00,0.00
13255,60.00,0.00,0.00
13258,60.00,0.00,0.00
13261,60.00,0.00,0.00
13264,60.00,0.00,0.00
13267,60.00,0.00,0.00
13270,60.00,0.00,0.00
13273,60.00,0.00,0.00
13276,60.00,0.00,0.00
13279,60.00,0.00,0.00
13282,60.00,0.00,0.00
13285,60.00,0.00,0.00
13288,60.00,0.00,0.00
13291,60.00,0.00,0.00
13294,60.00,0.00,0.00
13297,60.00,0.00,0.00
13300,60.00,0.00,0.00
13303,60.00,0.00,0.00
13306,60.00,0.00,0.00
13309,60.00,0.00,0.00
13312,60.00,0.00,0.00
13315,60.00,0.00,0.00
13318,60.00,0.00,0.00
13321,60.00,0.00,0.00
13324,60.00,0.00,0.00
13327,60.00,0.00,0.00
13330,60.00,0.00,0.00
13333,60.00,0.00,0.00
13336,60.00,0.00,0.00
13339,60.00,0.00,0.00
13342,60.00,0.00,0.00
13346,60.00,0.00,0.00
13349,60.00,0.00,0.00
13351,60.00,0.00,0.00
13354,60.00,0.00,0.00
13357,60.00,0.00,0.00
13360,60.00,0.00,0.00
13363,60.00,0.00,0.00
13366,60.00,0.00,0.00
13369,60.00,0.00,0.00
13372,60.00,0.00,0.00
13375,60.00,0.00,0.00
13378,60.00,0.00,0.00
13381,60.00,0.00,0.00
13384,60.00,0.00,0.00
13388,60.00,0.00,0.00
13391,60.00,0.00,0.00
13393,60.00,0.00,0.00
13396,60.00,0.00,0.00
13399,60.00,0.00,0.00
13402,60.00,0.00,0.00
13405,60.00,0.00,0.00
13408,60.00,0.00,0.00
13411,60.00,0.00,0.00
13415,60.00,0.00,0.00
13418,60.00,0.00,0.00
13420,60.00,0.00,0.00
13423,60.00,0.00,0.00
13426,60.00,0.00,0.00
13429,60.00,0.00,0.00
13432,60.00,0.00,0.00
13435,60.00,0.00,0.00
13439,60.00,0.00,0.00
13441,60.00,0.00,0.00
13444,60.00,0.00,0.00
13448,60.00,0.00,0.00
13450,60.00,0.00,0.00
13453,60.00,0.00,0.00
13456,60.00,0.00,0.00
13459,60.00,0.00,0.00
13462,60.00,0.00,0.00
13465,60.00,0.00,0.00
13468,60.00,0.00,0.00
13471,60.00,0.00,0.00
13474,60.00,0.00,0.00
13477,60.00,0.00,0.00
13480,60.00,0.00,0.00
13483,60.00,0.00,0.00
13486,60.00,0.00,0.00
13489,60.00,0.00,0.00
13492,60.00,0.00,0.00
13495,60.00,0.00,0.00
13498,60.00,0.00,0.00
13501,60.00,0.00,0.00
13504,60.00,0.00,0.00
13507,60.00,0.00,0.00
13510,60.00,0.00,0.00
13513,60.00,0.00,0.00
13517,60.00,0.00,0.00
13520,60.00,0.00,0.00
13523,60.00,0.00,0.00
13525,60.00,0.00,0.00
13528,60.00,0.00,0.00
13531,60.00,0.00,0.00
13534,60.00,0.00,0.00
13538,60.00,0.00,0.00
13541,60.00,0.00,0.00
13544,60.00,0.00,0.00
13546,60.00,0.00,0.00
13549,60.00,0.00,0.00
13553,60.00,0.00,0.00
13556,60.00,0.00,0.00
13558,60.00,0.00,0.00
13561,60.00,0.00,0.00
13564,60.00,0.00,0.00
13567,60.00,0.00,0.00
13570,60.00,0.00,0.00
13573,60.00,0.00,0.00
13576,60.00,0.00,0.00
13580,60.00,0.00,0.00
13583,60.00,0.00,0.00
13585,60.00,0.00,0.00
13588,60.00,0.00,0.00
13591,60.00,0.00,0.00
13594,60.00,0.00,0.00
13597,60.00,0.00,0.00
13601,60.00,0.00,0.00
13604,60.00,0.00,0.00
13606,60.00,0.00,0.00
13609,60.00,0.00,0.00
13612,60.00,0.00,0.00
13615,60.00,0.00,0.00
13618,60.00,0.00,0.00
13621,60.00,0.00,0.00
13624,60.00,0.00,0.00
13627,60.00,0.00,0.00
13630,60.00,0.00,0.00
13633,60.00,0.00,0.00
13636,60.00,0.00,0.00
13639,60.00,0.00,0.00
13642,60.00,0.00,0.00
13645,60.00,0.00,0.00
13648,60.00,0.00,0.00
13651,60.00,0.00,0.00
13654,60.00,0.00,0.00
13657,60.00,0.00,0.00
13660,60.00,0.00,0.00
13663,60.00,0.00,0.00
13666,60.00,0.00,0.00
13669,60.00,0.00,0.00
13672,60.00,0.00,0.00
13675,60.00,0.00,0.00
13678,60.00,0.00,0.00
13681,60.00,0.00,0.00
13684,60.00,0.00,0.00
13687,60.00,0.00,0.00
13690,60.00,0.00,0.00
13693,60.00,0.00,0.00
13696,60.00,0.00,0.00
13699,60.00,0.00,0.00
13702,60.00,0.00,0.00
13705,60.00,0.00,0.00
13708,60.00,0.00,0.00
13711,60.00,0.00,0.00
13714,60.00,0.00,0.00
13718,60.00,0.00,0.00
13720,60.00,0.00,0.00
13723,60.00,0.00,0.00
13726,60.00,0.00,0.00
13729,60.00,0.00,0.00
13732,60.00,0.00,0.00
13735,60.00,0.00,0.00
13738,60.00,0.00,0.00
13741,60.00,0.00,0.00
13745,60.00,0.00,0.00
13748,60.00,0.00,0.00
13750,60.00,0.00,0.00
13753,60.00,0.00,0.00
13756,60.00,0.00,0.00
13759,60.00,0.00,0.00
13763,60.00,0.00,0.00
13766,60.00,0.00,0.00
13768,60.00,0.00,0.00
13771,60.00,0.00,0.00
13774,60.00,0.00,0.00
13777,60.00,0.00,0.00
13781,60.00,0.00,0.00
13784,60.00,0.00,0.00
13787,60.00,0.00,0.00
13790,60.00,0.00,0.00
13793,60.00,0.00,0.00
13795,60.00,0.00,0.00
13798,60.00,0.00,0.00
13801,60.00,0.00,0.00
13804,60.00,0.00,0.00
13807,60.00,0.00,0.00
13810,60.00,0.00,0.00
13813,60.00,0.00,0.00
13816,60.00,0.00,0.00
13819,60.00,0.00,0.00
13822,60.00,0.00,0.00
13825,60.00,0.00,0.00
13829,60.00,0.00,0.00
13832,60.00,0.00,0.00
13835,60.00,0.00,0.00
13837,60.00,0.00,0.00
13840,60.00,0.00,0.00
13843,60.00,0.00,0.00
13846,60.00,0.00,0.00
13849,60.00,0.00,0.00
13852,60.00,0.00,0.00
13855,60.00,0.00,0.00
13858,60.00,0.00,0.00
13861,60.00,0.00,0.00
13864,60.00,0.00,0.00
13867,60.00,0.00,0.00
13871,60.00,0.00,0.00
13874,60.00,0.00,0.00
13876,60.00,0.00,0.00
13879,60.00,0.00,0.00
13882,60.00,0.00,0.00
13885,60.00,0.00,0.00
13888,60.00,0.00,0.00
13891,60.00,0.00,0.00
13894,60.00,0.00,0.00
13898,60.00,0.00,0.00
13901,60.00,0.00,0.00
13903,60.00,0.00,0.00
13906,60.00,0.00,0.00
13909,60.00,0.00,0.00
13912,60.00,0.00,0.00
13916,60.00,0.00,0.00
13919,60.00,0.00,0.00
13921,60.00,0.00,0.00
13924,60.00,0.00,0.00
13927,60.00,0.00,0.00
13930,60.00,0.00,0.00
13933,60.00,0.00,0.00
13937,60.00,0.00,0.00
13940,60.00,0.00,0.00
13942,60.00,0.00,0.00
13945,60.00,0.00,0.00
13948,60.00,0.00,0.00
13951,60.00,0.00,0.00
13954,60.00,0.00,0.00
13958,60.00,0.00,0.00
13961,60.00,0.00,0.00
13963,60.00,0.00,0.00
13966,60.00,0.00,0.00
13969,60.00,0.00,0.00
13972,60.00,0.00,0.00
13975,60.00,0.00,0.00
13979,60.00,0.00,0.00
13982,60.00,0.00,0.00
13984,60.00,0.00,0.00
13987,60.00,0.00,0.00
13990,60.00,0.00,0.00
13994,60.00,0.00,0.00
13997,60.00,0.00,0.00
13999,60.00,0.00,0.00
14002,60.00,0.00,0.00
14005,60.00,0.00,0.00
14008,60.00,0.00,0.00
14011,60.00,0.00,0.00
14015,60.00,0.00,0.00
14017,60.00,0.00,0.00
14020,60.00,0.00,0.00
14023,60.00,0.00,0.00
14026,60.00,0.00,0.00
14029,60.00,0.00,0.00
14032,60.00,0.00,0.00
14036,60.00,0.00,0.00
14039,60.00,0.00,0.00
14041,60.00,0.00,0.00
14044,60.00,0.00,0.00
14047,60.00,0.00,0.00
14050,60.00,0.00,0.00
14053,60.00,0.00,0.00
14057,60.00,0.00,0.00
14059,60.00,0.00,0.00
14062,60.00,0.00,0.00
14065,60.00,0.00,0.00
14068,60.00,0.00,0.00
14072,60.00,0.00,0.00
14075,60.00,0.00,0.00
14077,60.00,0.00,0.00
14080,60.00,0.00,0.00
14083,60.00,0.00,0.00
14086,60.00,0.00,0.00
14089,60.00,0.00,0.00
14092,60.00,0.00,0.00
14095,60.00,0.00,0.00
14098,60.00,0.00,0.00
14101,60.00,0.00,0.00
14104,60.00,0.00,0.00
14107,60.00,0.00,0.00
14110,60.00,0.00,0.00
14113,60.00,0.00,0.00
14116,60.00,0.00,0.00
14119,60.00,0.00,0.00
14122,60.00,0.00,0.00
14125,60.00,0.00,0.00
14128,60.00,0.00,0.00
14131,60.00,0.00,0.00
14134,60.00,0.00,0.00
14137,60.00,0.00,0.00
14141,60.00,0.00,0.00
14144,60.00,0.00,0.00
14147,60.00,0.00,0.00
14149,60.00,0.00,0.00
14152,60.00,0.00,0.00
14155,60.00,0.00,0.00
14158,60.00,0.00,0.00
14161,60.00,0.00,0.00
14164,60.00,0.00,0.00
14167,60.00,0.00,0.00
14170,60.00,0.00,0.00
14173,60.00,0.00,0.00
14176,60.00,0.00,0.00
14179,60.00,0.00,0.00
14183,60.00,0.00,0.00
14186,60.00,0.00,0.00
14188,60.00,0.00,0.00
14191,60.00,0.00,0.00
14194,60.00,0.00,0.00
14197,60.00,0.00,0.00
14200,60.00,0.00,0.00
14203,60.00,0.00,0.00
14206,60.00,0.00,0.00
14209,60.00,0.00,0.00
14212,60.00,0.00,0.00
14216,60.00,0.00,0.00
14218,60.00,0.00,0.00
14221,60.00,0.00,0.00
14224,60.00,0.00,0.00
14227,60.00,0.00,0.00
14230,60.00,0.00,0.00
14233,60.00,0.00,0.00
14237,60.00,0.00,0.00
14239,60.00,0.00,0.00
14242,60.00,0.00,0.00
14245,60.00,0.00,0.00
14248,60.00,0.00,0.00
14251,60.00,0.00,0.00
14254,60.00,0.00,0.00
14257,60.00,0.00,0.00
14260,60.00,0.00,0.00
14263,60.00,0.00,0.00
14266,60.00,0.00,0.00
14269,60.00,0.00,0.00
14273,60.00,0.00,0.00
14276,60.00,0.00,0.00
14278,60.00,0.00,0.00
14281,60.00,0.00,0.00
14284,60.00,0.00,0.00
14287,60.00,0.00,0.00
14290,60.00,0.00,0.00
14293,60.00,0.00,0.00
14296,60.00,0.00,0.00
14300,60.00,0.00,0.00
14303,60.00,0.00,0.00
14305,60.00,0.00,0.00
14308,60.00,0.00,0.00
14311,60.00,0.00,0.00
14315,60.00,0.00,0.00
14318,60.00,0.00,0.00
14320,60.00,0.00,0.00
14323,60.00,0.00,0.00
14326,60.00,0.00,0.00
14329,60.00,0.00,0.00
14333,60.00,0.00,0.00
14336,60.00,0.00,0.00
14338,60.00,0.00,0.00
14341,60.00,0.00,0.00
14344,60.00,0.00,0.00
14347,60.00,0.00,0.00
14351,60.00,0.00,0.00
14354,60.00,0.00,0.00
14356,60.00,0.00,0.00
14359,60.00,0.00,0.00
14363,60.00,0.00,0.00
14366,60.00,0.00,0.00
14368,60.00,0.00,0.00
14371,60.00,0.00,0.00
14374,60.00,0.00,0.00
14378,60.00,0.00,0.00
14381,60.00,0.00,0.00
14383,60.00,0.00,0.00
14386,60.00,0.00,0.00
14389,60.00,0.00,0.00
14393,60.00,0.00,0.00
14395,60.00,0.00,0.00
14398,60.00,0.00,0.00
14402,60.00,0.00,0.00
14404,60.00,0.00,0.00
14407,60.00,0.00,0.00
14410,60.00,0.00,0.00
14413,60.00,0.00,0.00
14416,60.00,0.00,0.00
14419,60.00,0.00,0.00
14422,60.00,0.00,0.00
14425,60.00,0.00,0.00
14428,60.00,0.00,0.00
14431,60.00,0.00,0.00
14434,60.00,0.00,0.00
14437,60.00,0.00,0.00
14440,60.00,0.00,0.00
14443,60.00,0.00,0.00
14446,60.00,0.00,0.00
14449,60.00,0.00,0.00
14452,60.00,0.00,0.00
14455,60.00,0.00,0.00
14458,60.00,0.00,0.00
14461,60.00,0.00,0.00
14464,60.00,0.00,0.00
14467,60.00,0.00,0.00
14470,60.00,0.00,0.00
14473,60.00,0.00,0.00
14476,60.00,0.00,0.00
14479,60.00,0.00,0.00
14482,60.00,0.00,0.00
14485,60.00,0.00,0.00
14488,60.00,0.00,0.00
14491,60.00,0.00,0.00
14494,60.00,0.00,0.00
14497,60.00,0.00,0.00
14500,60.00,0.00,0.00
14504,60.00,0.00,0.00
14507,60.00,0.00,0.00
14510,60.00,0.00,0.00
14512,60.00,0.00,0.00
14516,60.00,0.00,0.00
14519,60.00,0.00,0.00
14521,60.00,0.00,0.00
14524,60.00,0.00,0.00
14527,60.00,0.00,0.00
14530,60.00,0.00,0.00
14533,60.00,0.00,0.00
14536,60.00,0.00,0.00
14540,60.00,0.00,0.00
14543,60.00,0.00,0.00
14545,60.00,0.00,0.00
14548,60.00,0.00,0.00
14551,60.00,0.00,0.00
14554,60.00,0.00,0.00
14557,60.00,0.00,0.00
14561,60.00,0.00,0.00
14564,60.00,0.00,0.00
14566,60.00,0.00,0.00
14569,60.00,0.00,0.00
14572,60.00,0.00,0.00
14575,60.00,0.00,0.00
14579,60.00,0.00,0.00
14582,60.00,0.00,0.00
14585,60.00,0.00,0.00
14587,60.00,0.00,0.00
14590,60.00,0.00,0.00
14593,60.00,0.00,0.00
14596,60.00,0.00,0.00
14599,60.00,0.00,0.00
14602,60.00,0.00,0.00
14605,60.00,0.00,0.00
14608,60.00,0.00,0.00
14612,60.00,0.00,0.00
14615,60.00,0.00,0.00
14617,60.00,0.00,0.00
14620,60.00,0.00,0.00
14623,60.00,0.00,0.00
14626,60.00,0.00,0.00
14629,60.00,0.00,0.00
14632,60.00,0.00,0.00
14636,60.00,0.00,0.00
14638,60.00,0.00,0.00
14641,60.00,0.00,0.00
14644,60.00,0.00,0.00
14647,60.00,0.00,0.00
14650,60.00,0.00,0.00
14653,60.00,0.00,0.00
14656,60.00,0.00,0.00
14660,60.00,0.00,0.00
14663,60.00,0.00,0.00
14665,60.00,0.00,0.00
14668,60.00,0.00,0.00
14671,60.00,0.00,0.00
14674,60.00,0.00,0.00
14677,60.00,0.00,0.00
14681,60.00,0.00,0.00
14683,60.00,0.00,0.00
14686,60.00,0.00,0.00
14689,60.00,0.00,0.00
14692,60.00,0.00,0.00
14695,60.00,0.00,0.00
14699,60.00,0.00,0.00
14702,60.00,0.00,0.00
14704,60.00,0.00,0.00
14707,60.00,0.00,0.00
14710,60.00,0.00,0.00
14714,60.00,0.00,0.00
14716,60.00,0.00,0.00
14719,60.00,0.00,0.00
14723,60.00,0.00,0.00
14726,60.00,0.00,0.00
14729,60.00,0.00,0.00
14732,60.00,0.00,0.00
14734,60.00,0.00,0.00
14737,60.00,0.00,0.00
14740,60.00,0.00,0.00
14743,60.00,0.00,0.00
14746,60.00,0.00,0.00
14749,60.00,0.00,0.00
14752,60.00,0.00,0.00
14755,60.00,0.00,0.00
14758,60.00,0.00,0.00
14762,60.00,0.00,0.00
14765,60.00,0.00,0.00
14768,60.00,0.00,0.00
14770,60.00,0.00,0.00
14774,60.00,0.00,0.00
14777,60.00,0.00,0.00
14779,60.00,0.00,0.00
14782,60.00,0.00,0.00
14785,60.00,0.00,0.00
14788,60.00,0.00,0.00
14791,60.00,0.00,0.00
14794,60.00,0.00,0.00
14798,60.00,0.00,0.00
14800,60.00,0.00,0.00
14803,60.00,0.00,0.00
14806,60.00,0.00,0.00
14809,60.00,0.00,0.00
14812,60.00,0.00,0.00
14815,60.00,0.00,0.00
14818,60.00,0.00,0.00
14821,60.00,0.00,0.00
14824,60.00,0.00,0.00
14827,60.00,0.00,0.00
14830,60.00,0.00,0.00
14834,60.00,0.00,0.00
14837,60.00,0.00,0.00
14839,60.00,0.00,0.00
14842,60.00,0.00,0.00
14845,60.00,0.00,0.00
14848,60.00,0.00,0.00
14851,60.00,0.00,0.00
14854,60.00,0.00,0.00
14857,60.00,0.00,0.00
14861,60.00,0.00,0.00
14864,60.00,0.00,0.00
14866,60.00,0.00,0.00
14869,60.00,0.00,0.00
14872,60.00,0.00,0.00
14875,60.00,0.00,0.00
14878,60.00,0.00,0.00
14882,60.00,0.00,0.00
14885,60.00,0.00,0.00
14888,60.00,0.00,0.00
14891,60.00,0.00,0.00
14893,60.00,0.00,0.00
14896,60.00,0.00,0.00
14900,60.00,0.00,0.00
14903,60.00,0.00,0.00
14905,60.00,0.00,0.00
14908,60.00,0.00,0.00
14911,60.00,0.00,0.00
14914,60.00,0.00,0.00
14917,60.00,0.00,0.00
14921,60.00,0.00,0.00
14924,60.00,0.00,0.00
14926,60.00,0.00,0.00
14929,60.00,0.00,0.00
14932,60.00,0.00,0.00
14935,60.00,0.00,0.00
14938,60.00,0.00,0.00
14942,60.00,0.00,0.00
14944,60.00,0.00,0.00
14947,60.00,0.00,0.00
14950,60.00,0.00,0.00
14953,60.00,0.00,0.00
14957,60.00,0.00,0.00
14959,60.00,0.00,0.00
14962,60.00,0.00,0.00
14965,60.00,0.00,0.00
14968,60.00,0.00,0.00
14971,60.00,0.00,0.00
14975,60.00,0.00,0.00
14977,60.00,0.00,0.00
14980,60.00,0.00,0.00
14983,60.00,0.00,0.00
14986,60.00,0.00,0.00
14990,60.00,0.00,0.00
14993,60.00,0.00,0.00
14995,60.00,0.00,0.00
14998,60.00,0.00,0.00
15002,60.00,0.00,0.00
15005,60.00,0.00,0.00
15007,60.00,0.00,0.00
15010,60.00,0.00,0.00
15013,60.00,0.00,0.00
15017,60.00,0.00,0.00
15019,60.00,0.00,0.00
15022,60.00,0.00,0.00
15026,60.00,0.00,0.00
15028,60.00,0.00,0.00
15031,60.00,0.00,0.00
15035,60.00,0.00,0.00
15038,60.00,0.00,0.00
15040,60.00,0.00,0.00
15043,60.00,0.00,0.00
15046,60.00,0.00,0.00
15050,60.00,0.00,0.00
15053,60.00,0.00,0.00
15055,60.00,0.00,0.00
15058,60.00,0.00,0.00
15061,60.00,0.00,0.00
15065,60.00,0.00,0.00
15068,60.00,0.00,0.00
15070,60.00,0.00,0.00
15073,60.00,0.00,0.00
15076,60.00,0.00,0.00
15080,60.00,0.00,0.00
15083,60.00,0.00,0.00
15085,60.00,0.00,0.00
15088,60.00,0.00,0.00
15091,60.00,0.00,0.00
15095,60.00,0.00,0.00
15098,60.00,0.00,0.00
15100,60.00,0.00,0.00
15103,60.00,0.00,0.00
15107,60.00,0.00,0.00
15110,60.00,0.00,0.00
15112,60.00,0.00,0.00
15116,60.00,0.00,0.00
15119,60.00,0.00,0.00
15121,60.00,0.00,0.00
15124,60.00,0.00,0.00
15128,60.00,0.00,0.00
15130,60.00,0.00,0.00
15133,60.00,0.00,0.00
15136,60.00,0.00,0.00
15140,60.00,0.00,0.00
15142,60.00,0.00,0.00
15145,60.00,0.00,0.00
15149,60.00,0.00,0.00
15151,60.00,0.00,0.00
15154,60.00,0.00,0.00
15158,60.00,0.00,0.00
15161,60.00,0.00,0.00
15163,60.00,0.00,0.00
15166,60.00,0.00,0.00
15170,60.00,0.00,0.00
15172,60.00,0.00,0.00
15175,60.00,0.00,0.00
15179,60.00,0.00,0.00
15181,60.00,0.00,0.00
15184,60.00,0.00,0.00
15188,60.00,0.00,0.00
15190,60.00,0.00,0.00
15194,60.00,0.00,0.00
15197,60.00,0.00,0.00
15199,60.00,0.00,0.00
15203,60.00,0.00,0.00
15205,60.00,0.00,0.00
15208,60.00,0.00,0.00
15211,60.00,0.00,0.00
15214,60.00,0.00,0.00
15218,60.00,0.00,0.00
15221,60.00,0.00,0.00
15223,60.00,0.00,0.00
15226,60.00,0.00,0.00
15229,60.00,0.00,0.00
15232,60.00,0.00,0.00
15236,60.00,0.00,0.00
15238,60.00,0.00,0.00
15241,60.00,0.00,0.00
15244,60.00,0.00,0.00
15248,60.00,0.00,0.00
15251,60.00,0.00,0.00
15253,60.00,0.00,0.00
15256,60.00,0.00,0.00
15259,60.00,0.00,0.00
15263,60.00,0.00,0.00
15265,60.00,0.00,0.00
15268,60.00,0.00,0.00
15271,60.00,0.00,0.00
15275,60.00,0.00,0.00
15277,60.00,0.00,0.00
15280,60.00,0.00,0.00
15283,60.00,0.00,0.00
15287,60.00,0.00,0.00
15290,60.00,0.00,0.00
15292,60.00,0.00,0.00
15295,60.00,0.00,0.00
15298,60.00,0.00,0.00
15302,60.00,0.00,0.00
15304,60.00,0.00,0.00
15307,60.00,0.00,0.00
15311,60.00,0.00,0.00
15314,60.00,0.00,0.00
15316,60.00,0.00,0.00
15320,60.00,0.00,0.00
15323,60.00,0.00,0.00
15325,60.00,0.00,0.00
15328,60.00,0.00,0.00
15332,60.00,0.00,0.00
15334,60.00,0.00,0.00
15337,60.00,0.00,0.00
15341,60.00,0.00,0.00
15343,60.00,0.00,0.00
15346,60.00,0.00,0.00
15350,60.00,0.00,0.00
15352,60.00,0.00,0.00
15356,60.00,0.00,0.00
15359,60.00,0.00,0.00
15361,60.00,0.00,0.00
15364,60.00,0.00,0.00
15367,60.00,0.00,0.00
15370,60.00,0.00,0.00
15373,60.00,0.00,0.00
15376,60.00,0.00,0.00
15379,60.00,0.00,0.00
15382,60.00,0.00,0.00
15385,60.00,0.00,0.00
15388,60.00,0.00,0.00
15391,60.00,0.00,0.00
15394,60.00,0.00,0.00
15398,60.00,0.00,0.00
15401,60.00,0.00,0.00
15404,60.00,0.00,0.00
15407,60.00,0.00,0.00
15409,60.00,0.00,0.00
15412,60.00,0.00,0.00
15415,60.00,0.00,0.00
15418,60.00,0.00,0.00
15422,60.00,0.00,0.00
15425,60.00,0.00,0.00
15427,60.00,0.00,0.00
15430,60.00,0.00,0.00
15433,60.00,0.00,0.00
15436,60.00,0.00,0.00
15439,60.00,0.00,0.00
15442,60.00,0.00,0.00
15445,60.00,0.00,0.00
15448,60.00,0.00,0.00
15451,60.00,0.00,0.00
15454,60.00,0.00,0.00
15458,60.00,0.00,0.00
15461,60.00,0.00,0.00
15464,60.00,0.00,0.00
15466,60.00,0.00,0.00
15469,60.00,0.00,0.00
15472,60.00,0.00,0.00
15475,60.00,0.00,0.00
15478,60.00,0.00,0.00
15481,60.00,0.00,0.00
15484,60.00,0.00,0.00
15487,60.00,0.00,0.00
15491,60.00,0.00,0.00
15494,60.00,0.00,0.00
15496,60.00,0.00,0.00
15499,60.00,0.00,0.00
15502,60.00,0.00,0.00
15505,60.00,0.00,0.00
15508,60.00,0.00,0.00
15512,60.00,0.00,0.00
15515,60.00,0.00,0.00
15517,60.00,0.00,0.00
15520,60.00,0.00,0.00
15523,60.00,0.00,0.00
15526,60.00,0.00,0.00
15529,60.00,0.00,0.00
15533,60.00,0.00,0.00
15536,60.00,0.00,0.00
15538,60.00,0.00,0.00
15541,60.00,0.00,0.00
15544,60.00,0.00,0.00
15547,60.00,0.00,0.00
15550,60.00,0.00,0.00
15554,60.00,0.00,0.00
15557,60.00,0.00,0.00
15559,60.00,0.00,0.00
15562,60.00,0.00,0.00
15565,60.00,0.00,0.00
15568,60.00,0.00,0.00
15571,60.00,0.00,0.00
15575,60.00,0.00,0.00
15577,60.00,0.00,0.00
15580,60.00,0.00,0.00
15583,60.00,0.00,0.00
15586,60.00,0.00,0.00
15590,60.00,0.00,0.00
15593,60.00,0.00,0.00
15595,60.00,0.00,0.00
15598,60.00,0.00,0.00
15601,60.00,0.00,0.00
15605,60.00,0.00,0.00
15608,60.00,0.00,0.00
15611,60.00,0.00,0.00
15613,60.00,0.00,0.00
15616,60.00,0.00,0.00
15619,60.00,0.00,0.00
15622,60.00,0.00,0.00
15625,60.00,0.00,0.00
15628,60.00,0.00,0.00
15632,60.00,0.00,0.00
15635,60.00,0.00,0.00
15637,60.00,0.00,0.00
15640,60.00,0.00,0.00
15643,60.00,0.00,0.00
15646,60.00,0.00,0.00
15649,60.00,0.00,0.00
15653,60.00,0.00,0.00
15655,60.00,0.00,0.00
15658,60.00,0.00,0.00
15661,60.00,0.00,0.00
15664,60.00,0.00,0.00
15668,60.00,0.00,0.00
15671,60.00,0.00,0.00
15673,60.00,0.00,0.00
15676,60.00,0.00,0.00
15679,60.00,0.00,0.00
15683,60.00,0.00,0.00
15686,60.00,0.00,0.00
15688,0.00,0.00,3600.00
15692,0.00,0.00,0.00
15694,0.00,2.86,-171.43
15697,0.00,2.86,-171.43
15701,0.00,0.00,0.00
15704,0.00,-5.71,342.86
15707,0.00,-5.71,342.86
15710,0.00,0.00,0.00
15712,0.00,0.00,0.00
15715,0.00,5.71,-342.86
15719,0.00,5.71,-342.86
15722,0.00,0.00,-171.43
15724,0.00,-5.71,171.43
15727,0.00,-8.57,342.86
15730,0.00,-8.57,514.29
15734,0.00,-2.86,342.86
15736,0.00,2.86,0.00
15739,0.00,8.57,-514.29
15743,0.00,11.43,-685.71
15745,0.00,5.71,-514.29
15748,0.00,0.00,-171.43
15752,0.00,-5.71,342.86
15755,0.00,-11.43,685.71
15757,0.00,-8.57,514.29
15761,0.00,-2.86,171.43
15763,0.00,2.86,-171.43
15766,0.00,5.71,-342.86
15770,0.00,2.86,-171.43
15773,0.00,-2.86,171.43
15775,0.00,-5.71,171.43
15779,0.00,-5.71,342.86
15782,0.00,-5.71,342.86
15784,0.00,-2.86,171.43
15788,0.00,5.71,-342.86
15791,0.00,5.71,-342.86
15793,0.00,5.71,-342.86
15796,0.00,0.00,0.00
15799,0.00,-5.71,342.86
15803,0.00,-5.71,342.86
15806,0.00,-2.86,171.43
15809,0.00,2.86,-171.43
15812,0.00,5.71,-342.86
15815,0.00,5.71,-342.86
15817,0.00,0.00,-171.43
15821,0.00,-5.71,342.86
15824,0.00,-5.71,342.86
15827,0.00,-5.71,342.86
15830,0.00,0.00,0.00
15833,0.00,5.71,-342.86
15836,0.00,5.71,-342.86
15839,0.00,5.71,-342.86
15842,0.00,0.00,0.00
15845,0.00,-5.71,342.86
15848,0.00,-5.71,342.86
15851,0.00,-2.86,171.43
15853,0.00,2.86,0.00
15856,0.00,5.71,-342.86
15860,0.00,5.71,-342.86
15862,0.00,2.86,-342.86
15866,0.00,-2.86,171.43
15869,0.00,-5.71,342.86
15872,0.00,-8.57,514.29
15874,0.00,-2.86,342.86
15878,0.00,2.86,-171.43
15881,0.00,8.57,-514.29
15884,0.00,5.71,-342.86
15887,0.00,2.86,-171.43
15889,0.00,-2.86,171.43
15892,0.00,-5.71,342.86
15896,0.00,-8.57,514.29
15899,0.00,-2.86,171.43
15902,0.00,2.86,-171.43
15904,0.00,8.57,-171.43
15908,0.00,5.71,-342.86
15911,0.00,0.00,0.00
15913,0.00,-2.86,0.00
15916,0.00,-5.71,342.86
15920,0.00,-2.86,171.43
15923,0.00,-2.86,171.43
15925,0.00,2.86,-171.43
15928,0.00,2.86,-171.43
15931,0.00,2.86,-171.43
15934,0.00,-2.86,-171.43
15937,0.00,-5.71,171.43
15940,0.00,-8.57,342.86
15943,0.00,-8.57,514.29
15947,0.00,-2.86,171.43
15950,0.00,0.00,0.00
15952,0.00,5.71,-342.86
15956,0.00,5.71,-342.86
15958,0.00,0.00,-171.43
15961,0.00,-5.71,171.43
15965,0.00,-8.57,514.29
15968,0.00,-8.57,514.29
15970,0.00,-5.71,342.86
15974,0.00,2.86,-171.43
15977,0.00,5.71,-342.86
15980,0.00,5.71,-342.86
15982,0.00,2.86,-342.86
15985,0.00,-2.86,171.43
15988,0.00,-5.71,342.86
15992,0.00,-8.57,514.29
15994,0.00,-2.86,171.43
15997,0.00,2.86,0.00
16001,0.00,5.71,-342.86
16003,0.00,5.71,-514.29
16007,0.00,2.86,-171.43
16009,0.00,-2.86,0.00
16012,0.00,-8.57,171.43
16015,0.00,-5.71,342.86
16019,0.00,-5.71,342.86
16021,0.00,-2.86,171.43
16025,0.00,2.86,-171.43
16027,0.00,5.71,-342.86
16030,0.00,5.71,-342.86
16034,0.00,0.00,0.00
16037,0.00,-5.71,342.86
16039,0.00,-5.71,342.86
16043,0.00,-2.86,171.43
16045,0.00,2.86,-171.43
16048,0.00,2.86,-171.43
16051,0.00,2.86,-171.43
16055,0.00,0.00,0.00
16058,0.00,-2.86,171.43
16061,0.00,-2.86,171.43
16063,0.00,-5.71,171.43
16066,0.00,-2.86,171.43
16070,0.00,0.00,0.00
16072,0.00,0.00,0.00
16076,0.00,2.86,-171.43
16079,0.00,0.00,0.00
16081,0.00,0.00,0.00
16084,0.00,-2.86,171.43
16088,0.00,-2.86,171.43
16090,0.00,-2.86,171.43
16094,0.00,0.00,0.00
16097,0.00,2.86,-171.43
16100,0.00,0.00,0.00
16102,0.00,0.00,0.00
16105,0.00,0.00,0.00
16108,0.00,-2.86,342.86
16111,0.00,0.00,171.43
16114,0.00,0.00,0.00
16117,0.00,5.71,-342.86
16120,0.00,5.71,-342.86
16123,0.00,0.00,-171.43
16126,0.00,-5.71,0.00
16129,0.00,-8.57,342.86
16133,0.00,-8.57,514.29
16136,0.00,-5.71,342.86
16138,0.00,0.00,0.00
16142,0.00,5.71,-342.86
16144,0.00,5.71,-342.86
16148,0.00,2.86,-171.43
16150,0.00,-5.71,0.00
16153,0.00,-8.57,342.86
16157,0.00,-8.57,514.29
16160,0.00,-5.71,342.86
16163,0.00,0.00,0.00
16166,0.00,5.71,-342.86
16168,0.00,8.57,-342.86
16171,0.00,2.86,-342.86
16174,0.00,-2.86,-171.43
16178,0.00,-5.71,342.86
16180,0.00,-8.57,685.71
16183,0.00,-8.57,514.29
16187,0.00,0.00,0.00
16190,0.00,5.71,0.00
16193,0.00,8.57,-514.29
16196,0.00,8.57,-514.29
16199,0.00,5.71,-342.86
16202,0.00,0.00,0.00
16204,0.00,-5.71,342.86
16207,0.00,-8.57,514.29
16210,0.00,-2.86,514.29
16213,0.00,2.86,0.00
16216,0.00,8.57,-171.43
16219,0.00,8.57,-514.29
16222,0.00,5.71,-342.86
16225,0.00,0.00,-171.43
16229,0.00,-5.71,342.86
16232,0.00,-8.57,514.29
16235,0.00,-8.57,514.29
16237,0.00,0.00,171.43
16240,0.00,2.86,-171.43
16243,0.00,8.57,-514.29
16247,0.00,5.71,-342.86
16249,0.00,0.00,0.00
16252,0.00,-5.71,171.43
16256,0.00,-5.71,342.86
16258,0.00,-2.86,342.86
16261,0.00,0.00,171.43
16265,0.00,2.86,-171.43
16268,0.00,5.71,-342.86
16271,0.00,5.71,-342.86
16273,0.00,0.00,0.00
16277,0.00,-5.71,342.86
16280,0.00,-5.71,342.86
16282,0.00,-2.86,342.86
16286,0.00,0.00,0.00
16289,0.00,5.71,-342.86
16292,0.00,8.57,-514.29
16295,0.00,2.86,-171.43
16298,0.00,-2.86,171.43
16301,0.00,-8.57,342.86
16303,0.00,-8.57,514.29
16307,0.00,-2.86,171.43
16309,0.00,2.86,0.00
16312,0.00,8.57,-342.86
16315,0.00,8.57,-514.29
16318,0.00,2.86,-171.43
16322,0.00,-2.86,171.43
16325,0.00,-8.57,514.29
16328,0.00,-5.71,342.86
16331,0.00,0.00,0.00
16334,0.00,5.71,0.00
16337,0.00,8.57,-514.29
16340,0.00,8.57,-514.29
16342,0.00,2.86,-171.43
16346,0.00,-2.86,171.43
16349,0.00,-8.57,514.29
16351,0.00,-5.71,514.29
16355,0.00,0.00,342.86
16358,0.00,5.71,-342.86
16360,0.00,8.57,-514.29
16363,0.00,8.57,-514.29
16367,0.00,2.86,-171.43
16369,0.00,-5.71,171.43
16372,0.00,-8.57,514.29
16375,0.00,-5.71,514.29
16379,0.00,-2.86,171.43
16381,0.00,2.86,0.00
16384,0.00,5.71,-171.43
16387,0.00,5.71,-342.86
16391,0.00,2.86,-171.43
16393,0.00,0.00,0.00
16397,0.00,-5.71,342.86
16400,0.00,-5.71,342.86
16403,0.00,-2.86,171.43
16406,0.00,2.86,0.00
16408,0.00,5.71,-342.86
16412,0.00,5.71,-342.86
16414,0.00,2.86,-171.43
16418,0.00,-2.86,171.43
16421,0.00,-5.71,342.86
16424,0.00,-5.71,342.86
16427,0.00,-2.86,171.43
16429,0.00,2.86,-171.43
16432,0.00,2.86,-171.43
16435,0.00,2.86,-171.43
16438,0.00,0.00,-171.43
16442,0.00,-2.86,171.43
16444,0.00,-5.71,342.86
16448,0.00,-5.71,342.86
16450,0.00,0.00,171.43
16453,0.00,2.86,0.00
16456,0.00,5.71,-342.86
16460,0.00,8.57,-514.29
16462,0.00,2.86,-342.86
16465,0.00,-2.86,0.00
16468,0.00,-5.71,342.86
16472,0.00,-8.57,514.29
16475,0.00,-5.71,342.86
16478,0.00,0.00,0.00
16481,0.00,8.57,-514.29
16484,0.00,8.57,-514.29
16487,0.00,5.71,-342.86
16490,0.00,0.00,0.00
16493,0.00,-5.71,342.86
16495,0.00,-5.71,342.86
16499,0.00,-2.86,171.43
16501,0.00,2.86,0.00
16504,0.00,5.71,-171.43
16507,0.00,5.71,-342.86
16511,0.00,2.86,-171.43
16513,0.00,0.00,0.00
16517,0.00,-5.71,342.86
16520,0.00,-5.71,342.86
16523,0.00,-2.86,171.43
16525,0.00,2.86,0.00
16528,0.00,5.71,-171.43
16531,0.00,5.71,-342.86
16535,0.00,2.86,-171.43
16537,0.00,0.00,0.00
16540,0.00,-5.71,342.86
16544,0.00,-5.71,342.86
16547,0.00,-2.86,171.43
16549,0.00,2.86,-171.43
16552,0.00,5.71,-171.43
16555,0.00,5.71,-342.86
16559,0.00,0.00,0.00
16561,0.00,-2.86,171.43
16565,0.00,-5.71,342.86
16568,0.00,-2.86,171.43
16571,0.00,0.00,0.00
16574,0.00,2.86,-171.43
16577,0.00,5.71,-342.86
16580,0.00,2.86,-171.43
16582,0.00,0.00,0.00
16585,0.00,-5.71,171.43
16589,0.00,-5.71,342.86
16592,0.00,-2.86,171.43
16594,0.00,0.00,171.43
16598,0.00,2.86,-171.43
16601,0.00,5.71,-342.86
16603,0.00,2.86,-342.86
16606,0.00,0.00,0.00
16609,0.00,-5.71,171.43
16613,0.00,-8.57,514.29
16616,0.00,-5.71,342.86
16618,0.00,0.00,0.00
16622,0.00,5.71,-342.86
16624,0.00,8.57,-342.86
16628,0.00,2.86,-171.43
16631,0.00,0.00,0.00
16634,0.00,-2.86,171.43
16636,0.00,-5.71,514.29
16640,0.00,-5.71,342.86
16642,0.00,0.00,0.00
16646,0.00,5.71,-342.86
16648,0.00,5.71,-342.86
16652,0.00,2.86,-342.86
16654,0.00,-2.86,-171.43
16657,0.00,-5.71,171.43
16660,0.00,-8.57,342.86
16664,0.00,-8.57,514.29
16667,0.00,-5.71,342.86
16670,0.00,0.00,0.00
16672,0.00,5.71,-342.86
16675,0.00,5.71,-342.86
16679,0.00,2.86,-171.43
16681,0.00,-2.86,171.43
16685,0.00,-5.71,342.86
16687,0.00,-5.71,342.86
16690,40.00,-2.86,2742.86
16693,40.00,2.86,2400.00
16696,40.00,8.57,2057.14
16700,40.00,14.29,1542.86
16702,40.00,20.00,1371.43
16706,40.00,25.71,857.14
16708,40.00,28.57,685.71
16711,40.00,31.43,514.29
16715,40.00,34.29,171.43
16717,40.00,37.14,171.43
16721,40.00,40.00,0.00
16723,40.00,40.00,-171.43
16726,40.00,40.00,0.00
16729,40.00,37.14,171.43
16733,40.00,34.29,342.86
16736,40.00,34.29,342.86
16739,40.00,34.29,342.86
16742,40.00,40.00,0.00
16745,40.00,40.00,0.00
16747,40.00,42.86,0.00
16750,40.00,42.86,-171.43
16753,40.00,40.00,-171.43
16757,40.00,37.14,171.43
16760,40.00,28.57,685.71
16763,40.00,25.71,857.14
16766,40.00,28.57,685.71
16768,40.00,34.29,685.71
16771,40.00,37.14,342.86
16775,40.00,37.14,171.43
16778,40.00,42.86,0.00
16780,40.00,45.71,-171.43
16784,40.00,40.00,0.00
16787,40.00,40.00,0.00
16789,40.00,34.29,171.43
16792,40.00,34.29,514.29
16795,40.00,31.43,514.29
16798,40.00,34.29,342.86
16801,40.00,40.00,171.43
16805,40.00,40.00,0.00
16807,40.00,40.00,0.00
16810,40.00,42.86,0.00
16813,40.00,40.00,-171.43
16816,40.00,40.00,0.00
16820,40.00,37.14,171.43
16822,40.00,34.29,342.86
16826,40.00,31.43,514.29
16829,40.00,34.29,342.86
16832,40.00,40.00,0.00
16834,40.00,40.00,0.00
16838,40.00,42.86,0.00
16841,40.00,42.86,-171.43
16843,40.00,40.00,-171.43
16847,40.00,37.14,171.43
16849,40.00,28.57,514.29
16853,40.00,25.71,857.14
16855,40.00,28.57,857.14
16858,40.00,31.43,514.29
16862,40.00,37.14,171.43
16865,40.00,40.00,0.00
16868,40.00,40.00,0.00
16870,40.00,42.86,0.00
16874,40.00,40.00,0.00
16877,40.00,40.00,0.00
16879,40.00,40.00,0.00
16883,40.00,40.00,0.00
16886,40.00,37.14,171.43
16888,40.00,34.29,171.43
16891,40.00,37.14,171.43
16895,40.00,37.14,171.43
16898,40.00,37.14,171.43
16900,40.00,37.14,171.43
16903,40.00,37.14,171.43
16906,40.00,40.00,171.43
16909,40.00,40.00,171.43
16912,40.00,40.00,0.00
16915,40.00,40.00,0.00
16918,40.00,40.00,0.00
16921,40.00,37.14,0.00
16925,40.00,37.14,171.43
16928,40.00,40.00,0.00
16931,40.00,40.00,0.00
16933,40.00,40.00,171.43
16937,40.00,40.00,0.00
16940,40.00,40.00,0.00
16943,40.00,40.00,0.00
16945,40.00,40.00,0.00
16949,40.00,40.00,0.00
16952,40.00,40.00,0.00
16955,40.00,37.14,0.00
16958,40.00,37.14,171.43
16960,40.00,37.14,171.43
16963,40.00,37.14,171.43
16966,40.00,40.00,171.43
16969,40.00,40.00,171.43
16973,40.00,40.00,0.00
16976,40.00,40.00,0.00
16978,40.00,40.00,0.00
16982,40.00,40.00,0.00
16984,40.00,37.14,0.00
16987,40.00,37.14,0.00
16990,40.00,37.14,0.00
16993,40.00,37.14,0.00
16996,40.00,37.14,0.00
16999,40.00,37.14,171.43
17002,40.00,37.14,171.43
17006,40.00,37.14,171.43
17009,40.00,40.00,0.00
17011,40.00,37.14,171.43
17014,40.00,40.00,171.43
17018,40.00,40.00,171.43
17020,40.00,40.00,171.43
17023,40.00,40.00,171.43
17026,40.00,40.00,0.00
17030,40.00,40.00,0.00
17032,40.00,40.00,0.00
17035,40.00,37.14,0.00
17038,40.00,37.14,0.00
17041,40.00,37.14,171.43
17044,40.00,37.14,171.43
17047,40.00,37.14,171.43
17051,40.00,40.00,0.00
17053,40.00,40.00,171.43
17057,40.00,40.00,0.00
17059,40.00,40.00,0.00
17062,40.00,40.00,0.00
17066,40.00,40.00,0.00
17069,40.00,37.14,0.00
17072,40.00,37.14,0.00
17075,40.00,37.14,171.43
17078,40.00,37.14,171.43
17081,40.00,37.14,171.43
17084,40.00,37.14,171.43
17087,40.00,37.14,171.43
17090,40.00,37.14,171.43
17093,40.00,37.14,171.43
17096,40.00,37.14,171.43
17099,40.00,37.14,171.43
17101,40.00,37.14,0.00
17105,40.00,37.14,171.43
17107,40.00,40.00,171.43
17110,40.00,40.00,171.43
17114,40.00,40.00,0.00
17116,40.00,40.00,0.00
17120,40.00,40.00,0.00
17123,40.00,40.00,0.00
17126,40.00,37.14,171.43
17129,40.00,37.14,171.43
17131,40.00,37.14,0.00
17134,40.00,37.14,171.43
17137,40.00,37.14,171.43
17141,40.00,40.00,0.00
17144,40.00,40.00,0.00
17146,40.00,40.00,171.43
17149,40.00,40.00,0.00
17153,40.00,40.00,0.00
17156,40.00,40.00,0.00
17158,40.00,37.14,0.00
17161,40.00,37.14,0.00
17165,40.00,37.14,171.43
17168,40.00,37.14,171.43
17170,40.00,37.14,171.43
17173,40.00,37.14,171.43
17176,40.00,37.14,0.00
17179,40.00,37.14,0.00
17182,40.00,37.14,0.00
17185,40.00,37.14,0.00
17188,40.00,37.14,0.00
17192,40.00,37.14,171.43
17195,40.00,37.14,171.43
17198,40.00,37.14,171.43
17201,40.00,37.14,171.43
17203,40.00,37.14,0.00
17207,40.00,37.14,171.43
17209,40.00,37.14,0.00
17212,40.00,37.14,0.00
17215,40.00,37.14,171.43
17218,40.00,37.14,171.43
17222,40.00,37.14,171.43
17225,40.00,40.00,0.00
17227,40.00,40.00,0.00
17231,40.00,40.00,0.00
17234,40.00,40.00,0.00
17237,40.00,37.14,0.00
17240,40.00,37.14,171.43
17242,40.00,37.14,171.43
17245,40.00,37.14,171.43
17248,40.00,40.00,171.43
17252,40.00,40.00,0.00
17255,40.00,40.00,0.00
17258,40.00,40.00,0.00
17261,40.00,40.00,0.00
17264,40.00,40.00,0.00
17267,40.00,37.14,171.43
17269,40.00,37.14,171.43
17272,40.00,37.14,171.43
17275,40.00,37.14,171.43
17279,40.00,40.00,0.00
17282,40.00,40.00,0.00
17284,40.00,40.00,0.00
17288,40.00,40.00,0.00
17290,40.00,37.14,0.00
17294,40.00,37.14,171.43
17297,40.00,37.14,171.43
17299,40.00,37.14,171.43
17302,40.00,40.00,171.43
17306,40.00,40.00,0.00
17309,40.00,40.00,0.00
17311,40.00,40.00,0.00
17315,40.00,40.00,0.00
17318,40.00,40.00,0.00
17321,40.00,37.14,171.43
17323,40.00,37.14,171.43
17326,40.00,37.14,171.43
17329,40.00,37.14,171.43
17332,40.00,40.00,171.43
17336,40.00,40.00,0.00
17339,40.00,40.00,0.00
17342,40.00,40.00,0.00
17345,40.00,37.14,171.43
17348,40.00,37.14,171.43
17351,40.00,37.14,171.43
17354,40.00,37.14,171.43
17357,40.00,37.14,171.43
17360,40.00,37.14,171.43
17363,40.00,37.14,171.43
17365,40.00,37.14,0.00
17369,40.00,37.14,171.43
17372,40.00,37.14,171.43
17374,40.00,37.14,171.43
17378,40.00,40.00,171.43
17380,40.00,40.00,171.43
17384,40.00,40.00,0.00
17386,40.00,40.00,0.00
17390,40.00,40.00,0.00
17393,40.00,40.00,0.00
17395,40.00,37.14,0.00
17399,40.00,37.14,171.43
17401,40.00,37.14,171.43
17404,40.00,37.14,171.43
17407,40.00,40.00,171.43
17410,40.00,40.00,171.43
17414,40.00,40.00,0.00
17416,40.00,40.00,0.00
17420,40.00,40.00,0.00
17422,40.00,40.00,0.00
17425,40.00,37.14,0.00
17428,40.00,37.14,0.00
17431,40.00,37.14,171.43
17434,40.00,37.14,171.43
17437,40.00,37.14,171.43
17440,40.00,37.14,171.43
17443,40.00,40.00,171.43
17446,40.00,40.00,171.43
17449,40.00,40.00,0.00
17452,40.00,40.00,0.00
17455,40.00,40.00,0.00
17459,40.00,37.14,0.00
17461,40.00,37.14,0.00
17464,40.00,37.14,171.43
17467,40.00,37.14,171.43
17470,40.00,40.00,171.43
17473,40.00,40.00,171.43
17477,40.00,40.00,0.00
17479,40.00,40.00,0.00
17483,40.00,40.00,0.00
17485,40.00,40.00,0.00
17488,40.00,37.14,0.00
17492,40.00,37.14,171.43
17494,40.00,37.14,171.43
17497,40.00,37.14,171.43
17501,40.00,37.14,171.43
17504,40.00,37.14,171.43
17507,40.00,40.00,0.00
17510,40.00,40.00,0.00
17512,40.00,40.00,0.00
17515,40.00,40.00,0.00
17519,40.00,40.00,0.00
17522,40.00,37.14,171.43
17525,40.00,37.14,171.43
17528,40.00,37.14,171.43
17530,40.00,37.14,0.00
17534,40.00,37.14,171.43
17536,40.00,37.14,0.00
17539,40.00,37.14,171.43
17542,40.00,37.14,171.43
17545,40.00,37.14,171.43
17548,40.00,37.14,171.43
17551,40.00,40.00,171.43
17555,40.00,40.00,0.00
17557,40.00,40.00,0.00
17560,40.00,40.00,0.00
17564,40.00,40.00,0.00
17567,40.00,37.14,171.43
17570,40.00,37.14,171.43
17573,40.00,37.14,171.43
17575,40.00,40.00,171.43
17579,40.00,40.00,0.00
17582,40.00,40.00,0.00
17584,40.00,40.00,0.00
17588,40.00,40.00,0.00
17591,40.00,40.00,0.00
17593,40.00,37.14,0.00
17596,40.00,37.14,0.00
17600,40.00,37.14,171.43
17602,40.00,37.14,171.43
17605,40.00,37.14,171.43
17608,40.00,37.14,171.43
17611,40.00,37.14,0.00
17615,40.00,37.14,171.43
17618,40.00,37.14,171.43
17621,40.00,37.14,171.43
17623,40.00,37.14,171.43
17626,40.00,40.00,171.43
17629,40.00,40.00,171.43
17632,40.00,40.00,171.43
17635,40.00,40.00,0.00
17639,40.00,40.00,0.00
17641,40.00,40.00,0.00
17644,40.00,40.00,0.00
17647,40.00,40.00,0.00
17650,40.00,40.00,171.43
17654,40.00,40.00,0.00
17656,40.00,40.00,0.00
17660,40.00,40.00,0.00
17662,40.00,40.00,0.00
17666,40.00,37.14,171.43
17669,40.00,37.14,171.43
17671,40.00,37.14,171.43
17675,40.00,37.14,171.43
17678,40.00,37.14,171.43
17681,40.00,40.00,0.00
17684,40.00,40.00,0.00
17687,40.00,37.14,0.00
17690,40.00,37.14,0.00
17693,40.00,37.14,171.43
17696,40.00,37.14,0.00
17699,40.00,37.14,171.43
17702,40.00,37.14,171.43
17705,40.00,37.14,171.43
17707,40.00,37.14,0.00
17710,40.00,37.14,0.00
17713,40.00,37.14,171.43
17716,40.00,37.14,171.43
17720,40.00,37.14,171.43
17723,40.00,40.00,0.00
17726,40.00,40.00,0.00
17729,40.00,40.00,0.00
17732,40.00,37.14,171.43
17734,40.00,37.14,171.43
17737,40.00,37.14,171.43
17740,40.00,37.14,171.43
17743,40.00,40.00,0.00
17747,40.00,40.00,0.00
17750,40.00,40.00,0.00
17753,40.00,37.14,171.43
17755,40.00,37.14,171.43
17758,40.00,37.14,171.43
17761,40.00,37.14,171.43
17764,40.00,40.00,0.00
17768,40.00,40.00,0.00
17770,40.00,40.00,0.00
17774,40.00,37.14,171.43
17777,40.00,37.14,171.43
17780,40.00,37.14,171.43
17783,40.00,37.14,171.43
17786,40.00,37.14,171.43
17789,40.00,37.14,171.43
17792,40.00,37.14,171.43
17795,40.00,37.14,171.43
17797,40.00,37.14,0.00
17801,40.00,37.14,171.43
17803,40.00,37.14,0.00
17806,40.00,37.14,171.43
17810,40.00,40.00,0.00
17813,40.00,40.00,0.00
17815,40.00,40.00,171.43
17819,40.00,40.00,0.00
17822,40.00,40.00,0.00
17824,40.00,40.00,0.00
17828,40.00,40.00,0.00
17831,40.00,40.00,0.00
17834,40.00,37.14,171.43
17836,40.00,37.14,171.43
17839,40.00,37.14,171.43
17843,40.00,37.14,171.43
17846,40.00,40.00,0.00
17849,40.00,40.00,0.00
17852,40.00,40.00,0.00
17855,40.00,37.14,171.43
17857,40.00,37.14,0.00
17860,40.00,37.14,0.00
17863,40.00,37.14,171.43
17866,40.00,37.14,171.43
17870,40.00,37.14,171.43
17872,40.00,40.00,171.43
17876,40.00,40.00,0.00
17879,40.00,40.00,0.00
17882,40.00,40.00,0.00
17885,40.00,40.00,0.00
17888,40.00,37.14,171.43
17891,40.00,37.14,171.43
17893,40.00,37.14,0.00
17897,40.00,37.14,171.43
17899,40.00,37.14,0.00
17902,40.00,37.14,171.43
17906,40.00,37.14,171.43
17908,40.00,37.14,171.43
17911,40.00,40.00,171.43
17915,40.00,40.00,0.00
17918,40.00,40.00,0.00
17920,40.00,40.00,0.00
17923,40.00,37.14,0.00
17926,40.00,37.14,0.00
17930,40.00,37.14,171.43
17932,40.00,37.14,0.00
17935,40.00,37.14,171.43
17938,40.00,37.14,171.43
17941,40.00,37.14,171.43
17944,40.00,40.00,171.43
17948,40.00,40.00,0.00
17951,40.00,40.00,0.00
17953,40.00,40.00,0.00
17957,40.00,40.00,0.00
17960,40.00,37.14,171.43
17963,40.00,37.14,171.43
17965,40.00,37.14,171.43
17968,40.00,37.14,171.43
17971,40.00,37.14,0.00
17975,40.00,40.00,0.00
17978,40.00,40.00,0.00
17981,40.00,37.14,171.43
17983,40.00,37.14,0.00
17986,40.00,37.14,171.43
17989,40.00,37.14,171.43
17992,40.00,37.14,171.43
17995,40.00,40.00,171.43
17999,40.00,40.00,0.00
18002,40.00,40.00,0.00
18005,40.00,40.00,0.00
18008,40.00,37.14,171.43
18011,40.00,37.14,171.43
18014,40.00,37.14,171.43
18017,40.00,37.14,171.43
18020,40.00,37.14,0.00
18023,40.00,37.14,0.00
18026,40.00,37.14,0.00
18029,40.00,37.14,0.00
18032,40.00,37.14,0.00
18035,40.00,37.14,171.43
18038,40.00,37.14,171.43
18041,40.00,37.14,171.43
18043,40.00,37.14,171.43
18046,40.00,37.14,171.43
18050,40.00,37.14,171.43
18052,40.00,40.00,0.00
18055,40.00,40.00,0.00
18059,40.00,37.14,171.43
18062,40.00,37.14,171.43
18065,40.00,37.14,171.43
18068,40.00,37.14,0.00
18071,40.00,37.14,0.00
18074,40.00,37.14,171.43
18077,40.00,37.14,171.43
18080,40.00,37.14,171.43
18083,40.00,37.14,171.43
18086,40.00,37.14,171.43
18088,40.00,37.14,0.00
18091,40.00,37.14,171.43
18094,40.00,37.14,171.43
18098,40.00,40.00,0.00
18100,40.00,40.00,171.43
18104,40.00,40.00,0.00
18106,40.00,40.00,0.00
18109,40.00,40.00,0.00
18112,40.00,40.00,0.00
18116,40.00,37.14,0.00
18118,40.00,37.14,0.00
18121,40.00,37.14,171.43
18124,40.00,37.14,171.43
18127,40.00,37.14,171.43
18130,40.00,37.14,171.43
18133,40.00,37.14,171.43
18137,40.00,37.14,171.43
18139,40.00,40.00,171.43
18142,40.00,40.00,171.43
18145,40.00,40.00,0.00
18148,40.00,40.00,0.00
18151,40.00,40.00,0.00
18155,40.00,37.14,0.00
18158,40.00,40.00,0.00
18161,40.00,40.00,0.00
18163,40.00,40.00,171.43
18167,40.00,40.00,0.00
18170,40.00,40.00,0.00
18173,40.00,40.00,0.00
18176,40.00,40.00,0.00
18179,40.00,40.00,0.00
18182,40.00,40.00,0.00
18185,40.00,40.00,171.43
18187,40.00,40.00,171.43
18191,40.00,40.00,0.00
18194,40.00,40.00,0.00
18197,40.00,40.00,0.00
18199,40.00,40.00,0.00
18203,40.00,40.00,0.00
18206,40.00,40.00,0.00
18209,40.00,37.14,171.43
18211,40.00,37.14,171.43
18214,40.00,40.00,171.43
18218,40.00,40.00,0.00
18221,40.00,40.00,0.00
18224,40.00,40.00,0.00
18227,40.00,40.00,0.00
18229,40.00,40.00,171.43
18233,40.00,37.14,171.43
18235,40.00,37.14,171.43
18238,40.00,40.00,171.43
18242,40.00,40.00,0.00
18245,40.00,40.00,0.00
18248,40.00,40.00,0.00
18251,40.00,37.14,171.43
18254,40.00,37.14,171.43
18257,40.00,37.14,171.43
18260,40.00,37.14,171.43
18263,40.00,37.14,171.43
18266,40.00,37.14,171.43
18268,40.00,37.14,0.00
18272,40.00,37.14,171.43
18275,40.00,37.14,171.43
18277,40.00,37.14,171.43
18280,40.00,37.14,171.43
18283,40.00,40.00,171.43
18286,40.00,40.00,171.43
18289,40.00,40.00,0.00
18292,40.00,40.00,0.00
18296,40.00,40.00,0.00
18298,40.00,37.14,0.00
18302,40.00,37.14,171.43
18305,40.00,40.00,0.00
18308,40.00,40.00,0.00
18310,40.00,40.00,171.43
18314,40.00,40.00,0.00
18317,40.00,40.00,0.00
18320,40.00,40.00,0.00
18323,40.00,40.00,0.00
18326,40.00,40.00,0.00
18329,40.00,40.00,0.00
18332,40.00,40.00,0.00
18335,40.00,40.00,0.00
18338,40.00,40.00,0.00
18341,40.00,40.00,0.00
18344,40.00,40.00,0.00
18347,40.00,40.00,0.00
18350,40.00,40.00,0.00
18352,40.00,37.14,171.43
18355,40.00,37.14,171.43
18359,40.00,37.14,171.43
18361,40.00,37.14,171.43
18364,40.00,37.14,171.43
18367,40.00,40.00,171.43
18370,40.00,40.00,171.43
18374,40.00,40.00,0.00
18376,40.00,40.00,0.00
18380,40.00,40.00,0.00
18382,40.00,40.00,0.00
18385,40.00,37.14,0.00
18388,40.00,37.14,0.00
18391,40.00,37.14,171.43
18394,40.00,37.14,171.43
18397,40.00,37.14,171.43
18400,40.00,40.00,171.43
18403,40.00,40.00,171.43
18407,40.00,40.00,0.00
18409,40.00,40.00,0.00
18413,40.00,40.00,0.00
18416,40.00,40.00,0.00
18418,40.00,37.14,0.00
18421,40.00,37.14,0.00
18425,40.00,37.14,171.43
18427,40.00,37.14,171.43
18430,40.00,37.14,171.43
18433,40.00,37.14,171.43
18437,40.00,40.00,0.00
18440,40.00,40.00,0.00
18442,40.00,40.00,171.43
18446,40.00,40.00,0.00
18448,40.00,40.00,0.00
18452,40.00,40.00,0.00
18455,40.00,40.00,0.00
18457,40.00,37.14,0.00
18460,40.00,37.14,0.00
18464,40.00,37.14,0.00
18467,40.00,37.14,171.43
18470,40.00,37.14,171.43
18473,40.00,37.14,171.43
18475,40.00,37.14,171.43
18479,40.00,37.14,171.43
18481,40.00,37.14,171.43
18485,40.00,40.00,0.00
18488,40.00,40.00,0.00
18491,40.00,40.00,0.00
18494,40.00,37.14,171.43
18497,40.00,37.14,171.43
18500,40.00,37.14,171.43
18503,40.00,37.14,171.43
18505,40.00,37.14,0.00
18509,40.00,37.14,171.43
18511,40.00,37.14,0.00
18514,40.00,37.14,0.00
18518,40.00,37.14,171.43
18520,40.00,37.14,0.00
18523,40.00,37.14,0.00
18527,40.00,37.14,171.43
18529,40.00,37.14,0.00
18533,40.00,37.14,171.43
18535,40.00,37.14,171.43
18539,40.00,37.14,171.43
18541,40.00,37.14,171.43
18544,40.00,40.00,171.43
18548,40.00,40.00,0.00
18551,40.00,40.00,0.00
18554,40.00,40.00,0.00
18557,40.00,37.14,0.00
18560,40.00,37.14,171.43
18563,40.00,37.14,171.43
18566,40.00,37.14,171.43
18569,40.00,37.14,0.00
18572,40.00,37.14,0.00
18575,40.00,37.14,171.43
18578,40.00,37.14,171.43
18581,40.00,37.14,171.43
18584,40.00,37.14,171.43
18587,40.00,37.14,171.43
18590,40.00,37.14,171.43
18593,40.00,37.14,171.43
18596,40.00,37.14,171.43
18599,40.00,37.14,171.43
18602,40.00,37.14,171.43
18604,40.00,37.14,0.00
18608,40.00,37.14,171.43
18611,40.00,37.14,171.43
18613,40.00,40.00,171.43
18616,40.00,40.00,171.43
18620,40.00,40.00,0.00
18622,40.00,40.00,0.00
18626,40.00,40.00,0.00
18628,40.00,40.00,0.00
18632,40.00,37.14,0.00
18634,40.00,37.14,0.00
18638,40.00,37.14,171.43
18640,40.00,37.14,171.43
18644,40.00,37.14,171.43
18647,40.00,37.14,171.43
18649,40.00,37.14,171.43
18653,40.00,37.14,171.43
18656,40.00,40.00,0.00
18659,40.00,40.00,0.00
18661,40.00,40.00,171.43
18664,40.00,40.00,0.00
18668,40.00,40.00,0.00
18671,40.00,40.00,0.00
18673,40.00,37.14,0.00
18677,40.00,37.14,171.43
18680,40.00,37.14,171.43
18682,40.00,37.14,0.00
18686,40.00,37.14,171.43
18688,40.00,37.14,171.43
18691,40.00,37.14,171.43
18694,40.00,37.14,171.43
18697,40.00,37.14,171.43
18700,40.00,40.00,171.43
18703,40.00,40.00,171.43
18706,40.00,40.00,0.00
18710,40.00,40.00,0.00
18712,40.00,40.00,0.00
18715,40.00,40.00,0.00
18718,40.00,40.00,0.00
18722,40.00,40.00,0.00
18725,40.00,40.00,0.00
18728,40.00,40.00,0.00
18731,40.00,40.00,0.00
18734,40.00,40.00,0.00
18737,40.00,40.00,0.00
18740,40.00,40.00,0.00
18743,40.00,40.00,0.00
18746,40.00,40.00,0.00
18749,40.00,40.00,0.00
18752,40.00,37.14,171.43
18754,40.00,37.14,171.43
18758,40.00,37.14,171.43
18760,40.00,37.14,171.43
18764,40.00,40.00,0.00
18766,40.00,40.00,171.43
18770,40.00,40.00,0.00
18773,40.00,40.00,0.00
18775,40.00,40.00,0.00
18779,40.00,40.00,0.00
18782,40.00,40.00,0.00
18785,40.00,37.14,171.43
18787,40.00,37.14,0.00
18790,40.00,37.14,0.00
18793,40.00,37.14,0.00
18796,40.00,37.14,171.43
18800,40.00,37.14,171.43
18802,40.00,37.14,171.43
18805,40.00,40.00,171.43
18809,40.00,40.00,0.00
18812,40.00,40.00,0.00
18815,40.00,40.00,0.00
18818,40.00,40.00,0.00
18821,40.00,40.00,0.00
18823,40.00,40.00,171.43
18827,40.00,37.14,171.43
18829,40.00,37.14,171.43
18833,40.00,40.00,0.00
18835,40.00,40.00,0.00
18838,40.00,40.00,0.00
18842,40.00,37.14,171.43
18844,40.00,37.14,0.00
18848,40.00,37.14,171.43
18850,40.00,37.14,0.00
18853,40.00,37.14,0.00
18856,40.00,37.14,0.00
18859,40.00,37.14,171.43
18863,40.00,37.14,171.43
18865,40.00,37.14,171.43
18868,40.00,40.00,171.43
18872,40.00,40.00,0.00
18875,40.00,40.00,0.00
18878,40.00,40.00,0.00
18881,40.00,40.00,0.00
18883,40.00,40.00,0.00
18886,40.00,37.14,171.43
18889,40.00,37.14,171.43
18892,40.00,37.14,171.43
18895,40.00,40.00,171.43
18899,40.00,40.00,0.00
18902,40.00,40.00,0.00
18905,40.00,40.00,0.00
18908,40.00,40.00,0.00
18910,40.00,37.14,0.00
18913,40.00,37.14,171.43
18916,40.00,37.14,171.43
18920,40.00,37.14,171.43
18922,40.00,40.00,171.43
18926,40.00,40.00,0.00
18929,40.00,40.00,0.00
18931,40.00,40.00,0.00
18935,40.00,40.00,0.00
18938,40.00,40.00,0.00
18940,40.00,37.14,0.00
18943,40.00,37.14,171.43
18946,40.00,37.14,171.43
18950,40.00,37.14,171.43
18952,40.00,40.00,171.43
18956,40.00,40.00,0.00
18959,40.00,40.00,0.00
18962,40.00,40.00,0.00
18965,40.00,40.00,0.00
18968,40.00,40.00,0.00
18970,40.00,37.14,171.43
18973,40.00,37.14,171.43
18977,40.00,37.14,171.43
18979,40.00,40.00,171.43
18982,40.00,40.00,0.00
18986,40.00,40.00,0.00
18989,40.00,40.00,0.00
18992,40.00,37.14,171.43
18995,40.00,37.14,171.43
18997,40.00,37.14,0.00
19000,40.00,37.14,0.00
19003,40.00,37.14,0.00
19006,40.00,37.14,171.43
19010,40.00,37.14,171.43
19012,40.00,37.14,171.43
19015,40.00,40.00,171.43
19018,40.00,40.00,171.43
19021,40.00,40.00,0.00
19025,40.00,40.00,0.00
19028,40.00,40.00,0.00
19031,40.00,37.14,171.43
19034,40.00,37.14,171.43
19036,40.00,37.14,0.00
19039,40.00,37.14,0.00
19042,40.00,37.14,0.00
19046,40.00,37.14,171.43
19049,40.00,37.14,171.43
19052,40.00,37.14,171.43
19055,40.00,37.14,171.43
19058,40.00,37.14,171.43
19060,40.00,37.14,0.00
19063,40.00,37.14,0.00
19066,40.00,37.14,0.00
19069,40.00,37.14,0.00
19073,40.00,37.14,171.43
19076,40.00,37.14,171.43
19078,40.00,37.14,0.00
19081,40.00,37.14,171.43
19085,40.00,37.14,171.43
19087,40.00,37.14,171.43
19090,40.00,40.00,171.43
19094,40.00,40.00,0.00
19097,40.00,40.00,0.00
19100,40.00,40.00,0.00
19102,40.00,40.00,0.00
19106,40.00,37.14,0.00
19109,40.00,37.14,171.43
19111,40.00,37.14,171.43
19114,40.00,37.14,171.43
19118,40.00,37.14,171.43
19120,40.00,40.00,171.43
19124,40.00,40.00,0.00
19127,40.00,40.00,0.00
19130,40.00,40.00,0.00
19133,40.00,40.00,0.00
19135,40.00,37.14,0.00
19138,40.00,37.14,0.00
19141,40.00,37.14,171.43
19145,40.00,37.14,171.43
19147,40.00,37.14,171.43
19150,40.00,40.00,171.43
19153,40.00,40.00,171.43
19157,40.00,40.00,0.00
19160,40.00,40.00,0.00
19163,40.00,40.00,0.00
19165,40.00,40.00,0.00
19169,40.00,37.14,0.00
19172,40.00,37.14,171.43
19174,40.00,37.14,171.43
19178,40.00,37.14,171.43
19180,40.00,37.14,171.43
19183,40.00,40.00,0.00
19187,40.00,40.00,0.00
19190,40.00,40.00,0.00
19192,40.00,37.14,0.00
19196,40.00,37.14,171.43
19198,40.00,37.14,171.43
19201,40.00,37.14,171.43
19204,40.00,40.00,171.43
19208,40.00,40.00,0.00
19211,40.00,40.00,0.00
19214,40.00,40.00,0.00
19217,40.00,40.00,0.00
19220,40.00,37.14,171.43
19223,40.00,37.14,171.43
19226,40.00,37.14,171.43
19229,40.00,37.14,171.43
19232,40.00,37.14,0.00
19235,40.00,37.14,0.00
19238,40.00,37.14,0.00
19241,40.00,37.14,0.00
19243,40.00,37.14,0.00
19246,40.00,37.14,0.00
19249,40.00,37.14,171.43
19252,40.00,37.14,171.43
19255,40.00,37.14,171.43
19258,40.00,40.00,171.43
19261,40.00,40.00,171.43
19264,40.00,40.00,171.43
19268,40.00,40.00,0.00
19271,40.00,40.00,0.00
19274,40.00,40.00,0.00
19277,40.00,40.00,0.00
19280,40.00,37.14,171.43
19283,40.00,37.14,171.43
19286,40.00,37.14,0.00
19288,40.00,37.14,0.00
19291,40.00,37.14,0.00
19294,40.00,37.14,0.00
19297,40.00,37.14,0.00
19300,40.00,37.14,0.00
19304,40.00,37.14,171.43
19307,40.00,37.14,171.43
19310,40.00,37.14,171.43
19312,40.00,40.00,171.43
19316,40.00,40.00,0.00
19319,40.00,40.00,0.00
19322,40.00,40.00,0.00
19325,40.00,40.00,0.00
19328,40.00,40.00,0.00
19331,40.00,40.00,0.00
19334,40.00,40.00,171.43
19336,40.00,40.00,171.43
19340,40.00,40.00,0.00
19343,40.00,40.00,0.00
19346,40.00,40.00,171.43
19348,40.00,40.00,171.43
19351,40.00,40.00,0.00
19355,40.00,40.00,0.00
19358,40.00,40.00,0.00
19360,40.00,37.14,0.00
19363,40.00,37.14,0.00
19366,40.00,37.14,0.00
19369,40.00,37.14,0.00
19372,40.00,37.14,171.43
19376,40.00,37.14,171.43
19379,40.00,37.14,171.43
19381,40.00,40.00,171.43
19385,40.00,40.00,0.00
19388,40.00,40.00,0.00
19391,40.00,40.00,0.00
19394,40.00,40.00,0.00
19397,40.00,40.00,171.43
19399,40.00,40.00,171.43
19402,40.00,40.00,0.00
19406,40.00,40.00,0.00
19408,40.00,40.00,0.00
19412,40.00,37.14,171.43
19415,40.00,37.14,171.43
19418,40.00,37.14,171.43
19421,40.00,37.14,171.43
19424,40.00,37.14,171.43
19427,40.00,37.14,171.43
19430,40.00,37.14,171.43
19433,40.00,37.14,171.43
19435,40.00,37.14,0.00
19439,40.00,37.14,171.43
19441,40.00,37.14,0.00
19444,40.00,37.14,171.43
19447,40.00,37.14,171.43
19450,40.00,40.00,171.43
19453,40.00,40.00,171.43
19456,40.00,40.00,171.43
19459,40.00,40.00,0.00
19463,40.00,40.00,0.00
19465,40.00,40.00,0.00
19468,40.00,40.00,0.00
19471,40.00,40.00,0.00
19475,40.00,40.00,0.00
19477,40.00,40.00,171.43
19480,40.00,40.00,171.43
19484,40.00,40.00,171.43
19487,40.00,40.00,0.00
19490,40.00,40.00,0.00
19493,40.00,40.00,0.00
19496,40.00,37.14,171.43
19499,40.00,37.14,171.43
19502,40.00,37.14,171.43
19505,40.00,37.14,171.43
19508,40.00,37.14,171.43
19510,40.00,37.14,0.00
19513,40.00,37.14,0.00
19517,40.00,37.14,171.43
19519,40.00,37.14,171.43
19522,40.00,37.14,171.43
19525,40.00,37.14,171.43
19528,40.00,40.00,171.43
19531,40.00,40.00,171.43
19534,40.00,40.00,0.00
19537,40.00,40.00,0.00
19541,40.00,40.00,0.00
19543,40.00,37.14,0.00
19546,40.00,37.14,0.00
19550,40.00,37.14,171.43
19552,40.00,37.14,171.43
19555,40.00,40.00,171.43
19558,40.00,40.00,171.43
19562,40.00,40.00,171.43
19565,40.00,40.00,0.00
19568,40.00,40.00,0.00
19571,40.00,40.00,0.00
19573,40.00,37.14,0.00
19576,40.00,37.14,0.00
19580,40.00,37.14,171.43
19582,40.00,37.14,171.43
19585,40.00,37.14,171.43
19588,40.00,40.00,171.43
19591,40.00,40.00,171.43
19595,40.00,40.00,0.00
19597,40.00,40.00,0.00
19601,40.00,40.00,0.00
19604,40.00,40.00,0.00
19607,40.00,37.14,171.43
19610,40.00,37.14,171.43
19612,40.00,37.14,0.00
19616,40.00,37.14,171.43
19618,40.00,37.14,171.43
19621,40.00,40.00,171.43
19624,40.00,40.00,171.43
19628,40.00,40.00,171.43
19631,40.00,40.00,0.00
19634,40.00,40.00,0.00
19636,40.00,40.00,0.00
19640,40.00,37.14,171.43
19643,40.00,40.00,0.00
19645,40.00,40.00,171.43
19648,40.00,40.00,171.43
19651,40.00,40.00,0.00
19655,40.00,40.00,0.00
19657,40.00,40.00,0.00
19661,40.00,37.14,171.43
19664,40.00,37.14,171.43
19666,40.00,37.14,0.00
19670,40.00,37.14,171.43
19672,40.00,37.14,0.00
19675,40.00,37.14,171.43
19678,40.00,37.14,171.43
19681,40.00,40.00,171.43
19684,40.00,40.00,171.43
19688,40.00,40.00,0.00
19690,40.00,40.00,0.00
19694,40.00,40.00,0.00
19697,40.00,40.00,0.00
19699,40.00,37.14,0.00
19702,40.00,37.14,0.00
19706,40.00,37.14,171.43
19708,40.00,37.14,171.43
19711,40.00,37.14,171.43
19714,40.00,37.14,171.43
19717,40.00,37.14,171.43
19720,40.00,40.00,171.43
19724,40.00,40.00,0.00
19726,40.00,40.00,0.00
19729,40.00,40.00,0.00
19733,40.00,40.00,0.00
19735,40.00,37.14,0.00
19738,40.00,37.14,0.00
19742,40.00,37.14,171.43
19744,40.00,37.14,171.43
19747,40.00,37.14,171.43
19750,40.00,37.14,171.43
19753,40.00,37.14,171.43
19756,40.00,37.14,171.43
19759,40.00,40.00,171.43
19763,40.00,40.00,0.00
19765,40.00,40.00,0.00
19768,40.00,40.00,0.00
19771,40.00,40.00,0.00
19775,40.00,37.14,171.43
19778,40.00,37.14,171.43
19780,40.00,40.00,171.43
19783,40.00,40.00,171.43
19787,40.00,40.00,0.00
19789,40.00,40.00,0.00
19793,40.00,40.00,0.00
19795,40.00,40.00,0.00
19799,40.00,37.14,171.43
19802,40.00,37.14,171.43
19804,40.00,37.14,171.43
19808,40.00,40.00,0.00
19810,40.00,40.00,171.43
19813,40.00,40.00,171.43
19817,40.00,40.00,0.00
19820,40.00,40.00,0.00
19823,40.00,40.00,0.00
19826,40.00,40.00,0.00
19828,40.00,37.14,0.00
19831,40.00,37.14,0.00
19835,40.00,37.14,171.43
19837,40.00,37.14,171.43
19840,40.00,37.14,171.43
19844,40.00,37.14,171.43
19846,40.00,37.14,0.00
19849,40.00,37.14,0.00
19853,40.00,37.14,171.43
19856,40.00,37.14,171.43
19858,40.00,37.14,171.43
19861,40.00,37.14,171.43
19864,40.00,37.14,171.43
19867,40.00,40.00,171.43
19870,40.00,40.00,171.43
19874,40.00,40.00,0.00
19876,40.00,40.00,0.00
19879,40.00,40.00,0.00
19882,40.00,40.00,0.00
19886,40.00,37.14,0.00
19888,40.00,40.00,171.43
19892,40.00,40.00,0.00
19894,40.00,40.00,171.43
19898,40.00,40.00,0.00
19901,40.00,40.00,0.00
19904,40.00,40.00,0.00
19907,40.00,40.00,0.00
19910,40.00,40.00,0.00
19913,40.00,40.00,0.00
19915,40.00,37.14,0.00
19918,40.00,37.14,171.43
19921,40.00,37.14,171.43
19925,40.00,37.14,171.43
19927,40.00,40.00,171.43
19931,40.00,40.00,0.00
19934,40.00,40.00,0.00
19937,40.00,40.00,0.00
19940,40.00,40.00,0.00
19943,40.00,40.00,0.00
19945,40.00,40.00,171.43
19949,40.00,37.14,171.43
19951,40.00,37.14,171.43
19954,40.00,40.00,0.00
19958,40.00,40.00,0.00
19960,40.00,40.00,0.00
19963,40.00,37.14,0.00
19966,40.00,37.14,0.00
19969,40.00,37.14,0.00
19973,40.00,37.14,171.43
19976,40.00,37.14,171.43
19978,40.00,37.14,171.43
19982,40.00,40.00,0.00
19985,40.00,40.00,0.00
19988,40.00,40.00,0.00
19991,40.00,40.00,0.00
19994,40.00,40.00,0.00
19996,40.00,40.00,171.43
20000,40.00,40.00,0.00
20003,40.00,40.00,0.00
20005,40.00,40.00,171.43
20009,40.00,40.00,0.00
20012,40.00,40.00,0.00
20015,40.00,40.00,0.00
20018,40.00,40.00,0.00
20021,40.00,40.00,0.00
20024,40.00,40.00,0.00
20027,40.00,40.00,0.00
20030,40.00,40.00,171.43
20032,40.00,40.00,171.43
20036,40.00,40.00,0.00
20039,40.00,40.00,0.00
20042,40.00,40.00,171.43
20044,40.00,40.00,171.43
20048,40.00,40.00,171.43
20050,40.00,40.00,171.43
20053,40.00,40.00,0.00
20057,40.00,40.00,0.00
20059,40.00,40.00,0.00
20063,40.00,37.14,0.00
20065,40.00,37.14,0.00
20069,40.00,37.14,171.43
20071,40.00,37.14,171.43
20074,40.00,37.14,171.43
20077,40.00,37.14,171.43
20081,40.00,37.14,171.43
20083,40.00,40.00,171.43
20086,40.00,40.00,171.43
20089,40.00,40.00,0.00
20092,40.00,40.00,0.00
20096,40.00,40.00,0.00
20099,40.00,37.14,171.43
20102,40.00,37.14,171.43
20104,40.00,40.00,171.43
20107,40.00,40.00,171.43
20110,40.00,40.00,0.00
20114,40.00,40.00,0.00
20117,40.00,40.00,0.00
20120,40.00,37.14,0.00
20122,40.00,37.14,0.00
20126,40.00,37.14,171.43
20128,40.00,37.14,171.43
20131,40.00,37.14,171.43
20134,40.00,40.00,171.43
20138,40.00,40.00,0.00
20140,40.00,40.00,171.43
20143,40.00,40.00,0.00
20147,40.00,40.00,0.00
20150,40.00,40.00,0.00
20152,40.00,37.14,0.00
20155,40.00,37.14,0.00
20159,40.00,37.14,171.43
20161,40.00,37.14,171.43
20164,40.00,37.14,171.43
20167,40.00,37.14,171.43
20170,40.00,37.14,171.43
20173,40.00,40.00,171.43
20176,40.00,40.00,171.43
20179,40.00,40.00,0.00
20182,40.00,40.00,0.00
20186,40.00,40.00,0.00
20189,40.00,37.14,171.43
20192,40.00,37.14,171.43
20194,40.00,40.00,171.43
20197,40.00,40.00,171.43
20200,40.00,40.00,0.00
20203,40.00,40.00,0.00
20207,40.00,40.00,0.00
20209,40.00,37.14,0.00
20212,40.00,37.14,0.00
20216,40.00,37.14,171.43
20218,40.00,37.14,171.43
20221,40.00,37.14,171.43
20224,40.00,37.14,171.43
20227,40.00,40.00,171.43
20230,40.00,40.00,171.43
20233,40.00,40.00,0.00
20237,40.00,40.00,0.00
20239,40.00,40.00,0.00
20242,40.00,37.14,0.00
20245,40.00,37.14,0.00
20248,40.00,37.14,171.43
20251,40.00,37.14,171.43
20255,40.00,40.00,0.00
20258,40.00,40.00,0.00
20260,40.00,40.00,171.43
20264,40.00,40.00,0.00
20267,40.00,40.00,0.00
20270,40.00,40.00,0.00
20273,40.00,40.00,0.00
20276,40.00,40.00,0.00
20279,40.00,37.14,171.43
20281,40.00,37.14,0.00
20284,40.00,37.14,171.43
20288,40.00,37.14,171.43
20291,40.00,37.14,171.43
20293,40.00,40.00,171.43
20297,40.00,40.00,0.00
20299,40.00,40.00,0.00
20303,40.00,40.00,0.00
20305,40.00,40.00,0.00
20308,40.00,37.14,0.00
20312,40.00,37.14,0.00
20315,40.00,37.14,171.43
20317,40.00,37.14,171.43
20320,40.00,37.14,171.43
20323,40.00,37.14,171.43
20327,40.00,40.00,0.00
20330,40.00,40.00,0.00
20332,40.00,40.00,0.00
20336,40.00,40.00,0.00
20338,40.00,40.00,171.43
20342,40.00,37.14,171.43
20345,40.00,37.14,171.43
20347,40.00,40.00,0.00
20351,40.00,40.00,0.00
20354,40.00,37.14,171.43
20356,40.00,37.14,0.00
20359,40.00,37.14,0.00
20362,40.00,37.14,0.00
20366,40.00,37.14,171.43
20369,40.00,37.14,171.43
20371,40.00,37.14,171.43
20374,40.00,40.00,171.43
20378,40.00,40.00,0.00
20381,40.00,40.00,0.00
20384,40.00,40.00,0.00
20387,40.00,40.00,0.00
20389,40.00,37.14,0.00
20392,40.00,37.14,0.00
20395,40.00,37.14,171.43
20399,40.00,37.14,171.43
20401,40.00,37.14,171.43
20404,40.00,40.00,171.43
20408,40.00,40.00,0.00
20411,40.00,40.00,0.00
20414,40.00,40.00,0.00
20417,40.00,40.00,0.00
20420,40.00,40.00,0.00
20423,40.00,40.00,0.00
20425,40.00,40.00,171.43
20429,40.00,40.00,0.00
20432,40.00,40.00,0.00
20435,40.00,40.00,0.00
20438,40.00,40.00,0.00
20441,40.00,40.00,0.00
20444,40.00,40.00,0.00
20447,40.00,40.00,0.00
20449,40.00,37.14,171.43
20452,40.00,37.14,171.43
20456,40.00,37.14,171.43
20458,40.00,40.00,171.43
20461,40.00,40.00,171.43
20465,40.00,40.00,0.00
20467,40.00,40.00,171.43
20471,40.00,40.00,0.00
20474,40.00,40.00,0.00
20477,40.00,40.00,0.00
20480,40.00,37.14,171.43
20483,40.00,37.14,171.43
20486,40.00,37.14,171.43
20488,40.00,37.14,171.43
20492,40.00,40.00,171.43
20495,40.00,40.00,0.00
20497,40.00,40.00,171.43
20500,40.00,40.00,0.00
20503,40.00,40.00,0.00
20506,40.00,40.00,0.00
20509,40.00,37.14,0.00
20513,40.00,37.14,171.43
20515,40.00,37.14,171.43
20519,40.00,40.00,0.00
20521,40.00,40.00,171.43
20525,40.00,40.00,0.00
20527,40.00,40.00,171.43
20530,40.00,40.00,0.00
20534,40.00,40.00,0.00
20537,40.00,40.00,0.00
20540,40.00,37.14,0.00
20543,40.00,37.14,0.00
20545,40.00,37.14,0.00
20548,40.00,37.14,0.00
20551,40.00,37.14,0.00
20554,40.00,37.14,0.00
20558,40.00,37.14,171.43
20561,40.00,37.14,171.43
20563,40.00,37.14,171.43
20566,40.00,40.00,171.43
20569,40.00,40.00,171.43
20573,40.00,40.00,0.00
20576,40.00,40.00,0.00
20579,40.00,40.00,0.00
20581,40.00,40.00,0.00
20584,40.00,40.00,0.00
20588,40.00,40.00,0.00
20590,40.00,37.14,0.00
20594,40.00,37.14,171.43
20597,40.00,37.14,171.43
20599,40.00,37.14,171.43
20602,40.00,40.00,171.43
20606,40.00,40.00,0.00
20608,40.00,40.00,171.43
20612,40.00,40.00,0.00
20614,40.00,40.00,0.00
20618,40.00,40.00,0.00
20621,40.00,37.14,0.00
20624,40.00,37.14,0.00
20627,40.00,37.14,0.00
20629,40.00,37.14,0.00
20633,40.00,37.14,171.43
20636,40.00,37.14,171.43
20638,40.00,37.14,171.43
20641,40.00,40.00,171.43
20644,40.00,40.00,171.43
20648,40.00,40.00,0.00
20651,40.00,40.00,0.00
20653,40.00,40.00,0.00
20657,40.00,40.00,0.00
20660,40.00,40.00,0.00
20663,40.00,37.14,171.43
20665,40.00,37.14,171.43
20668,40.00,37.14,171.43
20671,40.00,37.14,171.43
20675,40.00,40.00,0.00
20678,40.00,40.00,0.00
20681,40.00,40.00,0.00
20684,40.00,37.14,171.43
20687,40.00,37.14,171.43
20690,40.00,37.14,171.43
20692,40.00,37.14,0.00
20695,40.00,37.14,171.43
20699,40.00,37.14,171.43
20701,40.00,37.14,0.00
20704,40.00,40.00,0.00
20707,40.00,37.14,0.00
20710,40.00,37.14,0.00
20713,40.00,37.14,171.43
20717,40.00,37.14,171.43
20720,40.00,37.14,171.43
20722,40.00,40.00,171.43
20726,40.00,40.00,0.00
20728,40.00,40.00,0.00
20732,40.00,40.00,0.00
20735,40.00,40.00,0.00
20738,40.00,37.14,171.43
20740,40.00,37.14,0.00
20743,40.00,37.14,171.43
20746,40.00,37.14,171.43
20749,40.00,37.14,171.43
20752,40.00,40.00,0.00
20756,40.00,40.00,0.00
20759,40.00,40.00,0.00
20762,40.00,37.14,171.43
20764,40.00,37.14,0.00
20768,40.00,37.14,171.43
20770,40.00,37.14,171.43
20774,40.00,37.14,171.43
20777,40.00,37.14,171.43
20779,40.00,40.00,0.00
20782,40.00,40.00,0.00
20786,40.00,40.00,0.00
20789,40.00,37.14,171.43
20792,40.00,37.14,171.43
20795,40.00,37.14,171.43
20798,40.00,37.14,171.43
20801,40.00,37.14,171.43
20804,40.00,37.14,171.43
20807,40.00,37.14,0.00
20809,40.00,37.14,0.00
20812,40.00,37.14,0.00
20815,40.00,37.14,0.00
20819,40.00,37.14,171.43
20821,40.00,37.14,171.43
20824,40.00,37.14,171.43
20827,40.00,37.14,171.43
20831,40.00,37.14,171.43
20834,40.00,37.14,171.43
20837,40.00,37.14,171.43
20839,40.00,37.14,0.00
20843,40.00,40.00,0.00
20845,40.00,40.00,171.43
20848,40.00,40.00,171.43
20852,40.00,40.00,171.43
20855,40.00,40.00,0.00
20857,40.00,40.00,0.00
20860,40.00,40.00,0.00
20863,40.00,37.14,0.00
20867,40.00,37.14,171.43
20869,40.00,37.14,171.43
20872,40.00,37.14,171.43
20876,40.00,40.00,0.00
20878,40.00,40.00,171.43
20882,40.00,40.00,0.00
20885,40.00,40.00,0.00
20888,40.00,40.00,0.00
20890,40.00,40.00,0.00
20894,40.00,37.14,171.43
20897,40.00,37.14,171.43
20900,40.00,37.14,0.00
20902,40.00,37.14,0.00
20905,40.00,37.14,0.00
20908,40.00,37.14,0.00
20911,40.00,37.14,0.00
20914,40.00,37.14,0.00
20917,40.00,37.14,171.43
20920,40.00,37.14,171.43
20924,40.00,37.14,171.43
20927,40.00,40.00,0.00
20930,40.00,40.00,171.43
20932,40.00,40.00,171.43
20935,40.00,40.00,171.43
20938,40.00,40.00,171.43
20941,40.00,40.00,0.00
20944,40.00,40.00,0.00
20948,40.00,40.00,0.00
20951,40.00,37.14,0.00
20953,40.00,37.14,0.00
20957,40.00,37.14,171.43
20960,40.00,37.14,171.43
20962,40.00,37.14,171.43
20965,40.00,37.14,171.43
20968,40.00,37.14,171.43
20971,40.00,37.14,171.43
20975,40.00,37.14,171.43
20977,40.00,40.00,171.43
20980,40.00,40.00,171.43
20983,40.00,40.00,0.00
20986,40.00,40.00,0.00
20989,40.00,40.00,0.00
20993,40.00,40.00,0.00
20995,40.00,40.00,0.00
20999,40.00,40.00,0.00
21001,40.00,40.00,171.43
21005,40.00,40.00,0.00
21008,40.00,40.00,0.00
21010,40.00,40.00,0.00
21014,40.00,40.00,0.00
21017,40.00,40.00,0.00
21020,40.00,37.14,171.43
21022,40.00,37.14,171.43
21025,40.00,40.00,171.43
21029,40.00,40.00,0.00
21032,40.00,40.00,0.00
21035,40.00,40.00,0.00
21038,40.00,40.00,0.00
21041,40.00,37.14,171.43
21043,40.00,37.14,0.00
21046,40.00,37.14,171.43
21049,40.00,37.14,171.43
21052,40.00,37.14,171.43
21055,40.00,40.00,171.43
21059,40.00,40.00,0.00
21062,40.00,40.00,0.00
21065,40.00,40.00,0.00
21068,40.00,40.00,0.00
21071,40.00,37.14,171.43
21074,40.00,37.14,171.43
21076,40.00,37.14,171.43
21080,40.00,37.14,171.43
21083,40.00,37.14,171.43
21086,40.00,40.00,0.00
21089,40.00,40.00,0.00
21092,40.00,37.14,171.43
21095,40.00,37.14,171.43
21098,40.00,37.14,171.43
21101,40.00,37.14,171.43
21104,40.00,37.14,171.43
21107,40.00,37.14,171.43
21109,40.00,37.14,0.00
21113,40.00,37.14,171.43
21115,40.00,37.14,0.00
21118,40.00,37.14,171.43
21121,40.00,37.14,171.43
21125,40.00,40.00,0.00
21127,40.00,40.00,171.43
21131,40.00,40.00,0.00
21133,40.00,40.00,171.43
21137,40.00,40.00,0.00
21140,40.00,40.00,0.00
21143,40.00,40.00,0.00
21145,40.00,37.14,0.00
21149,40.00,37.14,171.43
21152,40.00,37.14,171.43
21154,40.00,37.14,171.43
21157,40.00,37.14,171.43
21160,40.00,37.14,171.43
21163,40.00,37.14,171.43
21166,40.00,40.00,171.43
21169,40.00,40.00,171.43
21172,40.00,40.00,0.00
21175,40.00,40.00,0.00
21178,40.00,40.00,0.00
21181,40.00,40.00,0.00
21184,40.00,40.00,0.00
21187,40.00,40.00,171.43
21191,40.00,40.00,0.00
21193,40.00,40.00,0.00
21197,40.00,40.00,0.00
21200,40.00,40.00,0.00
21202,40.00,37.14,0.00
21206,40.00,37.14,171.43
21209,40.00,37.14,171.43
21211,40.00,37.14,171.43
21214,40.00,40.00,171.43
21218,40.00,40.00,0.00
21220,40.00,40.00,0.00
21224,40.00,40.00,0.00
21227,40.00,40.00,0.00
21230,40.00,37.14,171.43
21232,40.00,37.14,171.43
21235,40.00,37.14,171.43
21238,40.00,37.14,171.43
21241,40.00,40.00,0.00
21244,40.00,40.00,0.00
21248,40.00,40.00,0.00
21250,40.00,37.14,0.00
21254,40.00,37.14,0.00
21256,40.00,37.14,0.00
21260,40.00,37.14,171.43
21263,40.00,37.14,171.43
21265,40.00,37.14,171.43
21268,40.00,40.00,171.43
21272,40.00,40.00,0.00
21275,40.00,40.00,0.00
21278,40.00,40.00,0.00
21281,40.00,40.00,0.00
21284,40.00,40.00,0.00
21287,40.00,37.14,171.43
21289,40.00,37.14,171.43
21292,40.00,37.14,171.43
21295,40.00,37.14,171.43
21298,40.00,40.00,171.43
21302,40.00,40.00,0.00
21305,40.00,40.00,0.00
21308,40.00,40.00,0.00
21311,40.00,37.14,171.43
21314,40.00,37.14,171.43
21317,40.00,37.14,171.43
21320,40.00,37.14,171.43
21323,40.00,37.14,171.43
21326,40.00,37.14,171.43
21329,40.00,37.14,171.43
21331,40.00,37.14,0.00
21335,40.00,37.14,171.43
21338,40.00,37.14,171.43
21340,40.00,37.14,171.43
21343,40.00,40.00,171.43
21346,40.00,40.00,171.43
21350,40.00,40.00,0.00
21352,40.00,40.00,0.00
21356,40.00,40.00,0.00
21358,40.00,40.00,0.00
21361,40.00,37.14,0.00
21364,40.00,37.14,0.00
21367,40.00,37.14,171.43
21370,40.00,37.14,171.43
21374,40.00,40.00,0.00
21377,40.00,40.00,0.00
21379,40.00,40.00,171.43
21383,40.00,40.00,0.00
21386,40.00,40.00,0.00
21389,40.00,40.00,0.00
21392,40.00,40.00,0.00
21394,40.00,40.00,0.00
21398,40.00,40.00,0.00
21400,40.00,40.00,171.43
21404,40.00,37.14,171.43
21407,40.00,37.14,171.43
21409,40.00,40.00,0.00
21412,40.00,40.00,0.00
21416,40.00,37.14,171.43
21419,40.00,37.14,171.43
21422,40.00,37.14,171.43
21425,40.00,37.14,171.43
21428,40.00,37.14,171.43
21430,40.00,37.14,0.00
21434,40.00,37.14,171.43
21436,40.00,37.14,0.00
21440,40.00,37.14,171.43
21442,40.00,37.14,0.00
21445,40.00,37.14,171.43
21448,40.00,37.14,171.43
21451,40.00,37.14,171.43
21454,40.00,37.14,171.43
21458,40.00,40.00,0.00
21460,40.00,40.00,171.43
21463,40.00,40.00,0.00
21466,40.00,40.00,0.00
21470,40.00,40.00,0.00
21472,40.00,37.14,0.00
21475,40.00,37.14,0.00
21479,40.00,37.14,171.43
21481,40.00,37.14,171.43
21484,40.00,37.14,171.43
21487,40.00,37.14,171.43
21491,40.00,40.00,0.00
21494,40.00,